evt,mtt,mu_pt,mu_abseta,pileup,weight,nevents,N_gen,gw_pos,gw_neg
0,489.60995306997,65.73953,1.1108398,23.0,316.46600341796875,1344000.0,1332862.0,1338431.0,5569.0
1,761.9261864681765,153.60495,1.753418,15.0,316.46600341796875,1344000.0,1332862.0,1338431.0,5569.0
2,1200.6407954450117,153.60495,1.753418,15.0,316.46600341796875,1344000.0,1332862.0,1338431.0,5569.0
3,1079.910617455802,153.60495,1.753418,15.0,316.46600341796875,1344000.0,1332862.0,1338431.0,5569.0
4,566.4728403206734,153.60495,1.753418,15.0,316.46600341796875,1344000.0,1332862.0,1338431.0,5569.0
5,1106.0219765062468,129.97517,0.76452637,18.0,316.46600341796875,1344000.0,1332862.0,1338431.0,5569.0
6,948.4914014594772,129.97517,0.76452637,18.0,316.46600341796875,1344000.0,1332862.0,1338431.0,5569.0
7,838.6217364060128,129.97517,0.76452637,18.0,316.46600341796875,1344000.0,1332862.0,1338431.0,5569.0
8,1994.0976202823797,90.87442,0.7093506,17.0,316.46600341796875,1344000.0,1332862.0,1338431.0,5569.0
9,589.2338569615932,90.87442,0.7093506,17.0,316.46600341796875,1344000.0,1332862.0,1338431.0,5569.0
10,751.6325334621639,66.81208,0.6730957,21.0,316.46600341796875,1344000.0,1332862.0,1338431.0,5569.0
11,839.1036073133822,66.81208,0.6730957,21.0,316.46600341796875,1344000.0,1332862.0,1338431.0,5569.0
12,1558.6214598640647,60.364197,0.1873169,28.0,316.46600341796875,1344000.0,1332862.0,1338431.0,5569.0
13,705.8187900202141,60.364197,0.1873169,28.0,316.46600341796875,1344000.0,1332862.0,1338431.0,5569.0
14,851.3276921887034,60.364197,0.1873169,28.0,316.46600341796875,1344000.0,1332862.0,1338431.0,5569.0
15,671.684393940413,60.364197,0.1873169,28.0,316.46600341796875,1344000.0,1332862.0,1338431.0,5569.0
16,1295.507458755697,202.90454,0.16720581,20.0,316.46600341796875,924000.0,916318.0,920159.0,3841.0
17,1334.669799951903,211.25328,0.85583496,15.0,316.46600341796875,924000.0,916318.0,920159.0,3841.0
18,981.955765488103,211.25328,0.85583496,15.0,316.46600341796875,924000.0,916318.0,920159.0,3841.0
19,1488.66138098055,166.1779,1.5070801,21.0,316.46600341796875,924000.0,916318.0,920159.0,3841.0
20,974.7754821131732,166.1779,1.5070801,21.0,316.46600341796875,924000.0,916318.0,920159.0,3841.0
21,867.3246178372461,112.373085,0.1051178,29.0,316.46600341796875,924000.0,916318.0,920159.0,3841.0
22,762.0319600041729,112.373085,0.1051178,29.0,316.46600341796875,924000.0,916318.0,920159.0,3841.0
23,932.3850098189828,112.373085,0.1051178,29.0,316.46600341796875,924000.0,916318.0,920159.0,3841.0
24,732.6207895823707,112.373085,0.1051178,29.0,316.46600341796875,924000.0,916318.0,920159.0,3841.0
25,892.584125914358,164.72934,1.4587402,13.0,316.46600341796875,756000.0,749914.0,752957.0,3043.0
26,651.0088253181513,164.72934,1.4587402,13.0,316.46600341796875,756000.0,749914.0,752957.0,3043.0
27,1003.829831734329,90.48941,0.023319244,19.0,316.46600341796875,756000.0,749914.0,752957.0,3043.0
28,595.0696829351798,205.8979,0.42132568,35.0,316.46600341796875,756000.0,749914.0,752957.0,3043.0
29,860.7107589831342,181.25145,0.6081543,19.0,316.46600341796875,756000.0,749914.0,752957.0,3043.0
30,1091.0527045773588,181.25145,0.6081543,19.0,316.46600341796875,756000.0,749914.0,752957.0,3043.0
31,1192.9525756280018,181.25145,0.6081543,19.0,316.46600341796875,756000.0,749914.0,752957.0,3043.0
32,1090.74884931706,102.24518,1.3518066,26.0,316.46600341796875,169000.0,167662.0,168331.0,669.0
33,1309.4511376628184,102.24518,1.3518066,26.0,316.46600341796875,169000.0,167662.0,168331.0,669.0
34,491.73912256054587,110.18988,0.35266113,27.0,316.46600341796875,169000.0,167662.0,168331.0,669.0
35,459.1159637888072,110.18988,0.35266113,27.0,316.46600341796875,169000.0,167662.0,168331.0,669.0
36,663.0110262506497,131.70053,1.2814941,25.0,316.46600341796875,445000.0,441448.0,443224.0,1776.0
37,654.4828579029657,131.70053,1.2814941,25.0,316.46600341796875,445000.0,441448.0,443224.0,1776.0
38,678.2329974614847,131.70053,1.2814941,25.0,316.46600341796875,445000.0,441448.0,443224.0,1776.0
39,1075.6087189352522,128.54501,1.5771484,20.0,316.46600341796875,840000.0,833118.0,836559.0,3441.0
40,1013.117759230876,128.54501,1.5771484,20.0,316.46600341796875,840000.0,833118.0,836559.0,3441.0
41,1266.5617676798693,124.311104,0.446167,32.0,316.46600341796875,840000.0,833118.0,836559.0,3441.0
42,945.342657542192,124.311104,0.446167,32.0,316.46600341796875,840000.0,833118.0,836559.0,3441.0
43,901.4358895278708,124.311104,0.446167,32.0,316.46600341796875,840000.0,833118.0,836559.0,3441.0
44,1176.4711357500914,118.1641,0.7525635,18.0,316.46600341796875,672000.0,666614.0,669307.0,2693.0
45,1491.2910059539092,87.60703,1.2553711,24.0,316.46600341796875,672000.0,666614.0,669307.0,2693.0
46,1195.2328919448669,87.60703,1.2553711,24.0,316.46600341796875,672000.0,666614.0,669307.0,2693.0
47,431.02682831039806,133.78369,0.4465332,19.0,316.46600341796875,666000.0,660530.0,663265.0,2735.0
48,612.4451030497853,149.40016,0.76330566,34.0,316.46600341796875,666000.0,660530.0,663265.0,2735.0
49,683.3170329081061,149.40016,0.76330566,34.0,316.46600341796875,666000.0,660530.0,663265.0,2735.0
50,772.3750968595956,90.84389,0.87524414,29.0,316.46600341796875,666000.0,660530.0,663265.0,2735.0
51,1499.2168809260363,207.0979,0.5270996,26.0,316.46600341796875,756000.0,749832.0,752916.0,3084.0
52,1184.5406215808398,207.0979,0.5270996,26.0,316.46600341796875,756000.0,749832.0,752916.0,3084.0
53,904.6586290941816,224.97816,1.2851562,22.0,316.46600341796875,756000.0,749832.0,752916.0,3084.0
54,1534.7663562217103,145.943,0.5201416,24.0,316.46600341796875,756000.0,749832.0,752916.0,3084.0
55,1287.3358959076666,145.943,0.5201416,24.0,316.46600341796875,756000.0,749832.0,752916.0,3084.0
56,1233.4095706206128,124.05002,1.1015625,19.0,316.46600341796875,756000.0,749832.0,752916.0,3084.0
57,1025.0115935933234,124.05002,1.1015625,19.0,316.46600341796875,756000.0,749832.0,752916.0,3084.0
58,1676.756097615033,390.1656,0.108932495,13.0,316.46600341796875,1176000.0,1166756.0,1171378.0,4622.0
59,1400.700974496565,203.88145,0.64660645,21.0,316.46600341796875,1176000.0,1166756.0,1171378.0,4622.0
60,1216.292346219734,203.88145,0.64660645,21.0,316.46600341796875,1176000.0,1166756.0,1171378.0,4622.0
61,1282.086804704542,186.68382,0.57922363,20.0,316.46600341796875,1176000.0,1166756.0,1171378.0,4622.0
62,1405.2579481865528,75.74955,1.2531738,14.0,316.46600341796875,1176000.0,1166756.0,1171378.0,4622.0
63,383.3071381636209,75.74955,1.2531738,14.0,316.46600341796875,1176000.0,1166756.0,1171378.0,4622.0
64,596.0244860659964,164.25473,0.33050537,14.0,316.46600341796875,1176000.0,1166756.0,1171378.0,4622.0
65,930.1737091846268,164.25473,0.33050537,14.0,316.46600341796875,1176000.0,1166756.0,1171378.0,4622.0
66,1019.8478171012678,122.82892,1.3435059,30.0,316.46600341796875,1344000.0,1333244.0,1338622.0,5378.0
67,849.643042371533,122.82892,1.3435059,30.0,316.46600341796875,1344000.0,1333244.0,1338622.0,5378.0
68,1034.1327657386908,159.48337,0.9864502,23.0,316.46600341796875,1344000.0,1333244.0,1338622.0,5378.0
69,947.8799295889416,159.48337,0.9864502,23.0,316.46600341796875,1344000.0,1333244.0,1338622.0,5378.0
70,637.0678391088003,105.84809,0.123535156,14.0,316.46600341796875,1344000.0,1333244.0,1338622.0,5378.0
71,703.9830881185276,105.84809,0.123535156,14.0,316.46600341796875,1344000.0,1333244.0,1338622.0,5378.0
72,1143.1313196127885,205.02037,1.1501465,23.0,316.46600341796875,1344000.0,1333244.0,1338622.0,5378.0
73,1020.6569298569624,205.02037,1.1501465,23.0,316.46600341796875,1344000.0,1333244.0,1338622.0,5378.0
74,1001.6926514806104,112.99149,0.31604004,31.0,316.46600341796875,1344000.0,1333244.0,1338622.0,5378.0
75,1328.3677069584633,111.99476,1.4919434,26.0,316.46600341796875,1344000.0,1333244.0,1338622.0,5378.0
76,1255.8693625583744,111.99476,1.4919434,26.0,316.46600341796875,1344000.0,1333244.0,1338622.0,5378.0
77,1440.777540073167,151.09929,0.37213135,26.0,316.46600341796875,40000.0,39658.0,39829.0,171.0
78,1209.6131581671807,151.09929,0.37213135,26.0,316.46600341796875,40000.0,39658.0,39829.0,171.0
79,918.9749999877812,76.96054,1.4685059,16.0,316.46600341796875,1344000.0,1332988.0,1338494.0,5506.0
80,922.3196648144818,202.93575,1.3676758,30.0,316.46600341796875,1344000.0,1332988.0,1338494.0,5506.0
81,1375.3220588560384,127.91579,0.8216553,25.0,316.46600341796875,1344000.0,1332988.0,1338494.0,5506.0
82,1588.9289790291534,127.91579,0.8216553,25.0,316.46600341796875,1344000.0,1332988.0,1338494.0,5506.0
83,1155.554178833872,156.03723,1.1582031,20.0,316.46600341796875,1344000.0,1332988.0,1338494.0,5506.0
84,858.8063035279063,156.03723,1.1582031,20.0,316.46600341796875,1344000.0,1332988.0,1338494.0,5506.0
85,905.701211428934,156.03723,1.1582031,20.0,316.46600341796875,1344000.0,1332988.0,1338494.0,5506.0
86,808.7466733747376,156.03723,1.1582031,20.0,316.46600341796875,1344000.0,1332988.0,1338494.0,5506.0
87,2020.6112574347223,70.95536,1.9855957,19.0,316.46600341796875,1344000.0,1332988.0,1338494.0,5506.0
88,793.1527634685672,70.95536,1.9855957,19.0,316.46600341796875,1344000.0,1332988.0,1338494.0,5506.0
89,399.81664190289473,58.842297,0.94189453,16.0,316.46600341796875,865000.0,857952.0,861476.0,3524.0
90,447.5615182129832,101.86856,0.100479126,25.0,316.46600341796875,865000.0,857952.0,861476.0,3524.0
91,1154.5081917874552,155.67972,1.1054688,20.0,316.46600341796875,865000.0,857952.0,861476.0,3524.0
92,478.1138961001598,120.75805,0.044311523,15.0,316.46600341796875,865000.0,857952.0,861476.0,3524.0
93,407.0817279163627,120.75805,0.044311523,15.0,316.46600341796875,865000.0,857952.0,861476.0,3524.0
94,818.4460691226657,158.3075,0.36779785,15.0,316.46600341796875,1344000.0,1332832.0,1338416.0,5584.0
95,709.5982369569788,158.3075,0.36779785,15.0,316.46600341796875,1344000.0,1332832.0,1338416.0,5584.0
96,530.3209586937078,160.11938,0.56396484,23.0,316.46600341796875,1344000.0,1332832.0,1338416.0,5584.0
97,500.1280399426407,160.11938,0.56396484,23.0,316.46600341796875,1344000.0,1332832.0,1338416.0,5584.0
98,1126.2180420814225,182.28825,0.44281006,23.0,316.46600341796875,1344000.0,1332832.0,1338416.0,5584.0
99,1057.3541851604043,182.28825,0.44281006,23.0,316.46600341796875,1344000.0,1332832.0,1338416.0,5584.0
100,420.7537966828267,169.42447,1.2365723,25.0,316.46600341796875,1344000.0,1332832.0,1338416.0,5584.0
101,1560.8079844535844,169.42447,1.2365723,25.0,316.46600341796875,1344000.0,1332832.0,1338416.0,5584.0
102,437.1526830521611,169.42447,1.2365723,25.0,316.46600341796875,1344000.0,1332832.0,1338416.0,5584.0
103,431.6192802662588,176.92267,0.95336914,23.0,316.46600341796875,1344000.0,1332832.0,1338416.0,5584.0
104,977.3760867055656,176.92267,0.95336914,23.0,316.46600341796875,1344000.0,1332832.0,1338416.0,5584.0
105,867.5921057294407,176.92267,0.95336914,23.0,316.46600341796875,1344000.0,1332832.0,1338416.0,5584.0
106,1124.7812462117515,113.29027,0.9934082,29.0,316.46600341796875,1344000.0,1332832.0,1338416.0,5584.0
107,976.6039489319952,113.29027,0.9934082,29.0,316.46600341796875,1344000.0,1332832.0,1338416.0,5584.0
108,410.2288755021928,166.05397,0.49468994,17.0,316.46600341796875,1344000.0,1332832.0,1338416.0,5584.0
109,626.4783661533127,166.05397,0.49468994,17.0,316.46600341796875,1344000.0,1332832.0,1338416.0,5584.0
110,907.3658081179152,142.82718,1.5061035,17.0,316.46600341796875,462000.0,458182.0,460091.0,1909.0
111,651.7595942555788,142.82718,1.5061035,17.0,316.46600341796875,462000.0,458182.0,460091.0,1909.0
112,960.2892471203904,84.44077,0.26275635,23.0,316.46600341796875,252000.0,249976.0,250988.0,1012.0
113,376.78812726238846,303.0657,1.0690918,17.0,316.46600341796875,813000.0,806230.0,809615.0,3385.0
114,1366.5976265951672,191.81133,1.0688477,15.0,316.46600341796875,813000.0,806230.0,809615.0,3385.0
115,1075.6239886527735,191.81133,1.0688477,15.0,316.46600341796875,813000.0,806230.0,809615.0,3385.0
116,655.3964716260036,99.575,1.8007812,24.0,316.46600341796875,813000.0,806230.0,809615.0,3385.0
117,877.4104600617703,87.444435,1.5825195,25.0,316.46600341796875,813000.0,806230.0,809615.0,3385.0
118,989.3792508979318,87.444435,1.5825195,25.0,316.46600341796875,813000.0,806230.0,809615.0,3385.0
119,278.34967969136494,112.26986,0.4899292,15.0,316.46600341796875,813000.0,806230.0,809615.0,3385.0
120,1203.1572193271727,235.77742,1.1757812,23.0,316.46600341796875,813000.0,806230.0,809615.0,3385.0
121,1268.1437572116397,126.9335,0.748291,31.0,316.46600341796875,168000.0,166676.0,167338.0,662.0
122,1066.1729709068914,79.85741,0.19042969,29.0,316.46600341796875,168000.0,166612.0,167306.0,694.0
123,857.8685702256992,79.85741,0.19042969,29.0,316.46600341796875,168000.0,166612.0,167306.0,694.0
124,1328.2891820654102,80.20165,0.9544678,18.0,316.46600341796875,168000.0,166612.0,167306.0,694.0
125,1293.0167188664605,112.90832,0.56481934,20.0,316.46600341796875,756000.0,749982.0,752991.0,3009.0
126,340.30502978165873,112.90832,0.56481934,20.0,316.46600341796875,756000.0,749982.0,752991.0,3009.0
127,440.937125964746,112.90832,0.56481934,20.0,316.46600341796875,756000.0,749982.0,752991.0,3009.0
128,840.7020519514977,111.2047,0.7305908,18.0,316.46600341796875,756000.0,749982.0,752991.0,3009.0
129,749.7676728578917,111.2047,0.7305908,18.0,316.46600341796875,756000.0,749982.0,752991.0,3009.0
130,797.2756830956224,111.2047,0.7305908,18.0,316.46600341796875,756000.0,749982.0,752991.0,3009.0
131,1149.3701692837406,163.44214,1.3486328,9.0,316.46600341796875,756000.0,749982.0,752991.0,3009.0
132,848.4917886185915,95.24177,1.3110352,28.0,316.46600341796875,756000.0,749982.0,752991.0,3009.0
133,437.7554225341257,106.91908,0.17800903,25.0,316.46600341796875,1344000.0,1333254.0,1338627.0,5373.0
134,790.587879316804,106.91908,0.17800903,25.0,316.46600341796875,1344000.0,1333254.0,1338627.0,5373.0
135,1702.2552810171808,325.04434,0.5899658,16.0,316.46600341796875,1344000.0,1333254.0,1338627.0,5373.0
136,599.8637364778427,196.09941,1.3037109,19.0,316.46600341796875,1344000.0,1333254.0,1338627.0,5373.0
137,839.9757020888801,119.58826,1.6005859,31.0,316.46600341796875,1344000.0,1333254.0,1338627.0,5373.0
138,1098.560129687586,119.58826,1.6005859,31.0,316.46600341796875,1344000.0,1333254.0,1338627.0,5373.0
139,743.7308198730672,119.58826,1.6005859,31.0,316.46600341796875,1344000.0,1333254.0,1338627.0,5373.0
140,448.96074444238207,249.13167,0.89868164,18.0,316.46600341796875,1344000.0,1333254.0,1338627.0,5373.0
141,555.3269170297086,249.13167,0.89868164,18.0,316.46600341796875,1344000.0,1333254.0,1338627.0,5373.0
142,1053.0673158179516,227.32874,1.1726074,28.0,-316.46600341796875,1344000.0,1333254.0,1338627.0,5373.0
143,2020.0933140999668,463.36716,0.6097412,23.0,316.46600341796875,1344000.0,1333254.0,1338627.0,5373.0
144,1722.2615230039314,463.36716,0.6097412,23.0,316.46600341796875,1344000.0,1333254.0,1338627.0,5373.0
145,2441.234620736597,263.76727,0.7504883,32.0,316.46600341796875,1344000.0,1333254.0,1338627.0,5373.0
146,1681.0747747715602,150.53618,1.0891113,32.0,316.46600341796875,342000.0,339270.0,340635.0,1365.0
147,543.2684942148583,106.96139,1.3366699,28.0,316.46600341796875,342000.0,339270.0,340635.0,1365.0
148,572.9665049701274,106.96139,1.3366699,28.0,316.46600341796875,342000.0,339270.0,340635.0,1365.0
149,1777.6191954109393,200.71849,1.6533203,22.0,316.46600341796875,725000.0,719132.0,722066.0,2934.0
150,755.6331086753041,125.03564,1.4394531,22.0,316.46600341796875,269000.0,266856.0,267928.0,1072.0
151,1036.938088444982,125.03564,1.4394531,22.0,316.46600341796875,269000.0,266856.0,267928.0,1072.0
152,1486.1134268220023,72.88137,0.305542,22.0,316.46600341796875,1145000.0,1135826.0,1140413.0,4587.0
153,1175.6302881598194,72.88137,0.305542,22.0,316.46600341796875,1145000.0,1135826.0,1140413.0,4587.0
154,404.8687963604618,108.13106,0.1545105,21.0,316.46600341796875,1145000.0,1135826.0,1140413.0,4587.0
155,391.8341430948299,108.13106,0.1545105,21.0,316.46600341796875,1145000.0,1135826.0,1140413.0,4587.0
156,378.11832697162697,110.7062,0.6496582,26.0,316.46600341796875,1145000.0,1135826.0,1140413.0,4587.0
157,524.5950181836447,110.7062,0.6496582,26.0,316.46600341796875,1145000.0,1135826.0,1140413.0,4587.0
158,2099.1060052553757,363.73816,1.3127441,32.0,-316.46600341796875,1145000.0,1135826.0,1140413.0,4587.0
159,1055.008798340006,108.48914,1.916748,22.0,316.46600341796875,1145000.0,1135826.0,1140413.0,4587.0
160,1166.62488578108,108.48914,1.916748,22.0,316.46600341796875,1145000.0,1135826.0,1140413.0,4587.0
161,1227.223487877131,92.58595,0.4099121,27.0,316.46600341796875,1145000.0,1135826.0,1140413.0,4587.0
162,913.0251075698388,92.58595,0.4099121,27.0,316.46600341796875,1145000.0,1135826.0,1140413.0,4587.0
163,748.260067810984,84.21609,0.53344727,20.0,316.46600341796875,1145000.0,1135826.0,1140413.0,4587.0
164,844.742661057689,84.21609,0.53344727,20.0,316.46600341796875,1145000.0,1135826.0,1140413.0,4587.0
165,700.1233472561308,84.21609,0.53344727,20.0,316.46600341796875,1145000.0,1135826.0,1140413.0,4587.0
166,774.8455490310547,96.525604,1.8149414,24.0,316.46600341796875,1145000.0,1135826.0,1140413.0,4587.0
167,768.8802895141803,96.525604,1.8149414,24.0,316.46600341796875,1145000.0,1135826.0,1140413.0,4587.0
168,644.1191596872038,96.525604,1.8149414,24.0,316.46600341796875,1145000.0,1135826.0,1140413.0,4587.0
169,355.88293116068536,121.943726,0.54296875,25.0,316.46600341796875,1145000.0,1135826.0,1140413.0,4587.0
170,336.9017210974225,121.943726,0.54296875,25.0,316.46600341796875,1145000.0,1135826.0,1140413.0,4587.0
171,515.044707393823,121.943726,0.54296875,25.0,316.46600341796875,1145000.0,1135826.0,1140413.0,4587.0
172,1032.6376692659007,90.14218,1.9387207,20.0,316.46600341796875,1145000.0,1135826.0,1140413.0,4587.0
173,1013.4314821020358,90.14218,1.9387207,20.0,316.46600341796875,1145000.0,1135826.0,1140413.0,4587.0
174,1315.0144223724935,152.4221,1.3122559,10.0,316.46600341796875,1366000.0,1354900.0,1360450.0,5550.0
175,416.0555477783764,78.39763,1.1137695,17.0,316.46600341796875,1366000.0,1354900.0,1360450.0,5550.0
176,356.4089447044226,78.39763,1.1137695,17.0,316.46600341796875,1366000.0,1354900.0,1360450.0,5550.0
177,656.2610581000214,139.37764,1.2185059,18.0,316.46600341796875,1366000.0,1354900.0,1360450.0,5550.0
178,469.2522929192176,211.8593,0.95092773,23.0,316.46600341796875,435000.0,431378.0,433189.0,1811.0
179,308.70622310795574,149.09708,0.011007309,32.0,316.46600341796875,756000.0,749854.0,752927.0,3073.0
180,1332.9103522446474,60.01922,0.74768066,13.0,316.46600341796875,756000.0,749854.0,752927.0,3073.0
181,1262.6527017243627,137.49487,0.70666504,38.0,316.46600341796875,756000.0,749854.0,752927.0,3073.0
182,1001.2302984798588,137.49487,0.70666504,38.0,316.46600341796875,756000.0,749854.0,752927.0,3073.0
183,1172.2488138854744,137.49487,0.70666504,38.0,316.46600341796875,756000.0,749854.0,752927.0,3073.0
184,1163.7587328620457,148.28922,0.3616333,30.0,316.46600341796875,756000.0,749854.0,752927.0,3073.0
185,938.3461836052752,148.28922,0.3616333,30.0,316.46600341796875,756000.0,749854.0,752927.0,3073.0
186,303.9786032217158,119.71546,0.10687256,30.0,316.46600341796875,756000.0,749854.0,752927.0,3073.0
187,780.5635519848058,119.71546,0.10687256,30.0,316.46600341796875,756000.0,749854.0,752927.0,3073.0
188,1161.1523450942932,102.444115,1.2602539,33.0,316.46600341796875,756000.0,749854.0,752927.0,3073.0
189,803.0242285020377,102.444115,1.2602539,33.0,316.46600341796875,756000.0,749854.0,752927.0,3073.0
190,380.3970124059289,188.74773,0.03340149,30.0,316.46600341796875,756000.0,749734.0,752867.0,3133.0
191,1099.391324252648,102.4162,1.6569824,9.0,316.46600341796875,756000.0,749734.0,752867.0,3133.0
192,1144.342859009562,102.4162,1.6569824,9.0,316.46600341796875,756000.0,749734.0,752867.0,3133.0
193,923.9423478195272,102.4162,1.6569824,9.0,316.46600341796875,756000.0,749734.0,752867.0,3133.0
194,1441.682134548099,178.64145,1.5620117,19.0,316.46600341796875,756000.0,749734.0,752867.0,3133.0
195,972.0985020505698,197.40587,0.3036499,24.0,316.46600341796875,756000.0,749734.0,752867.0,3133.0
196,943.736885063991,140.01993,2.0957031,19.0,316.46600341796875,756000.0,749734.0,752867.0,3133.0
197,1015.6080636920284,140.01993,2.0957031,19.0,316.46600341796875,756000.0,749734.0,752867.0,3133.0
198,817.0894370555601,124.311295,0.01035881,22.0,316.46600341796875,790000.0,783698.0,786849.0,3151.0
199,1320.8677320851934,210.95836,1.4348145,18.0,316.46600341796875,790000.0,783698.0,786849.0,3151.0
200,1042.2059723589607,210.95836,1.4348145,18.0,316.46600341796875,790000.0,783698.0,786849.0,3151.0
201,1108.1322130602175,96.96733,1.7028809,23.0,316.46600341796875,790000.0,783698.0,786849.0,3151.0
202,1383.0879155805972,96.96733,1.7028809,23.0,316.46600341796875,790000.0,783698.0,786849.0,3151.0
203,334.4833447419272,113.779175,0.06123352,34.0,316.46600341796875,790000.0,783698.0,786849.0,3151.0
204,279.7332349140025,113.779175,0.06123352,34.0,316.46600341796875,790000.0,783698.0,786849.0,3151.0
205,1019.2620722758196,57.80182,0.80249023,11.0,316.46600341796875,790000.0,783698.0,786849.0,3151.0
206,1165.6052053050655,57.80182,0.80249023,11.0,316.46600341796875,790000.0,783698.0,786849.0,3151.0
207,868.6341531583753,57.80182,0.80249023,11.0,316.46600341796875,790000.0,783698.0,786849.0,3151.0
208,809.8776633046567,57.80182,0.80249023,11.0,316.46600341796875,790000.0,783698.0,786849.0,3151.0
209,1247.5157518797937,71.960686,0.69836426,20.0,316.46600341796875,924000.0,916502.0,920251.0,3749.0
210,376.8539385198487,172.04398,0.42279053,32.0,316.46600341796875,756000.0,749860.0,752930.0,3070.0
211,867.9021827671232,172.04398,0.42279053,32.0,316.46600341796875,756000.0,749860.0,752930.0,3070.0
212,349.7494331386061,197.34956,0.3928833,26.0,316.46600341796875,756000.0,749860.0,752930.0,3070.0
213,484.6072431841383,197.34956,0.3928833,26.0,316.46600341796875,756000.0,749860.0,752930.0,3070.0
214,389.93800927822633,184.15353,0.2545166,16.0,316.46600341796875,756000.0,749860.0,752930.0,3070.0
215,854.7966632297577,184.15353,0.2545166,16.0,316.46600341796875,756000.0,749860.0,752930.0,3070.0
216,688.7366818970243,123.39619,0.3330078,27.0,316.46600341796875,756000.0,749860.0,752930.0,3070.0
217,1345.5141303307412,140.81856,1.5673828,26.0,316.46600341796875,756000.0,749860.0,752930.0,3070.0
218,559.229795027643,118.71336,0.600708,29.0,316.46600341796875,756000.0,749860.0,752930.0,3070.0
219,735.5109667783531,143.91873,1.3764648,14.0,316.46600341796875,840000.0,833218.0,836609.0,3391.0
220,1575.4322087203616,231.74258,1.239502,15.0,316.46600341796875,840000.0,833218.0,836609.0,3391.0
221,1321.8074588774716,231.74258,1.239502,15.0,316.46600341796875,840000.0,833218.0,836609.0,3391.0
222,1219.3201679417757,231.74258,1.239502,15.0,316.46600341796875,840000.0,833218.0,836609.0,3391.0
223,2127.0667581990447,207.06212,1.293457,17.0,316.46600341796875,840000.0,833218.0,836609.0,3391.0
224,1314.0006369869388,207.06212,1.293457,17.0,316.46600341796875,840000.0,833218.0,836609.0,3391.0
225,1350.789015683127,207.06212,1.293457,17.0,316.46600341796875,840000.0,833218.0,836609.0,3391.0
226,1263.938039894932,207.06212,1.293457,17.0,316.46600341796875,840000.0,833218.0,836609.0,3391.0
227,432.61817774155537,64.21728,0.296875,29.0,316.46600341796875,840000.0,833218.0,836609.0,3391.0
228,408.1546143722888,64.21728,0.296875,29.0,316.46600341796875,840000.0,833218.0,836609.0,3391.0
229,833.4167475632061,106.34515,0.6656494,18.0,316.46600341796875,840000.0,833218.0,836609.0,3391.0
230,840.2168037931139,106.34515,0.6656494,18.0,316.46600341796875,840000.0,833218.0,836609.0,3391.0
231,721.2981769076632,106.34515,0.6656494,18.0,316.46600341796875,840000.0,833218.0,836609.0,3391.0
232,1577.7991803067212,225.75986,0.59558105,21.0,316.46600341796875,756000.0,749608.0,752804.0,3196.0
233,1383.7967638657594,225.75986,0.59558105,21.0,316.46600341796875,756000.0,749608.0,752804.0,3196.0
234,995.5993205048412,145.82285,0.50634766,10.0,316.46600341796875,756000.0,749608.0,752804.0,3196.0
235,898.5812830682231,145.82285,0.50634766,10.0,316.46600341796875,756000.0,749608.0,752804.0,3196.0
236,752.5066559681077,145.82285,0.50634766,10.0,316.46600341796875,756000.0,749608.0,752804.0,3196.0
237,1437.091409838219,111.51462,1.9938965,19.0,316.46600341796875,811000.0,804570.0,807785.0,3215.0
238,1052.5564583975097,57.59911,0.9041748,16.0,316.46600341796875,811000.0,804570.0,807785.0,3215.0
239,940.3358044705436,57.59911,0.9041748,16.0,316.46600341796875,811000.0,804570.0,807785.0,3215.0
240,1591.6057880642816,92.454865,0.74890137,23.0,316.46600341796875,252000.0,249952.0,250976.0,1024.0
241,1521.8787020219331,92.454865,0.74890137,23.0,316.46600341796875,252000.0,249952.0,250976.0,1024.0
242,916.2021848035192,170.86597,0.12686157,22.0,316.46600341796875,252000.0,249952.0,250976.0,1024.0
243,1117.8338744462949,65.34586,1.4545898,22.0,316.46600341796875,1175000.0,1165424.0,1170212.0,4788.0
244,1057.2770629650622,127.9793,1.0949707,33.0,316.46600341796875,1175000.0,1165424.0,1170212.0,4788.0
245,1293.9915866078793,127.9793,1.0949707,33.0,316.46600341796875,1175000.0,1165424.0,1170212.0,4788.0
246,998.1953346682084,127.9793,1.0949707,33.0,316.46600341796875,1175000.0,1165424.0,1170212.0,4788.0
247,682.7937934126998,190.52057,1.7392578,30.0,316.46600341796875,1175000.0,1165424.0,1170212.0,4788.0
248,1170.8482977929905,190.52057,1.7392578,30.0,316.46600341796875,1175000.0,1165424.0,1170212.0,4788.0
249,692.5425375582149,190.52057,1.7392578,30.0,316.46600341796875,1175000.0,1165424.0,1170212.0,4788.0
250,493.23434547158206,98.23951,1.1245117,16.0,316.46600341796875,1175000.0,1165424.0,1170212.0,4788.0
251,557.8983668802754,98.23951,1.1245117,16.0,316.46600341796875,1175000.0,1165424.0,1170212.0,4788.0
252,569.9857111276013,252.80655,0.6435547,18.0,316.46600341796875,1175000.0,1165424.0,1170212.0,4788.0
253,1172.0774383454338,252.80655,0.6435547,18.0,316.46600341796875,1175000.0,1165424.0,1170212.0,4788.0
254,484.076317439689,252.80655,0.6435547,18.0,316.46600341796875,1175000.0,1165424.0,1170212.0,4788.0
255,1209.7323441282615,81.649765,0.8666992,15.0,316.46600341796875,951000.0,943340.0,947170.0,3830.0
256,248.6200641387204,105.31661,0.64282227,26.0,316.46600341796875,951000.0,943340.0,947170.0,3830.0
257,862.8491300220863,86.12147,1.4929199,20.0,316.46600341796875,951000.0,943340.0,947170.0,3830.0
258,718.4970596594815,86.12147,1.4929199,20.0,316.46600341796875,951000.0,943340.0,947170.0,3830.0
259,1660.9639408467742,255.8752,0.4204712,23.0,316.46600341796875,951000.0,943340.0,947170.0,3830.0
260,1135.9570792337838,255.8752,0.4204712,23.0,316.46600341796875,951000.0,943340.0,947170.0,3830.0
261,856.5112604728042,154.02325,1.0053711,17.0,316.46600341796875,951000.0,943340.0,947170.0,3830.0
262,572.5010537039508,121.97867,0.9055176,28.0,316.46600341796875,951000.0,943340.0,947170.0,3830.0
263,499.5169865481837,121.97867,0.9055176,28.0,316.46600341796875,951000.0,943340.0,947170.0,3830.0
264,1433.4321738214046,122.20988,0.76794434,28.0,316.46600341796875,951000.0,943340.0,947170.0,3830.0
265,1106.022259036638,122.20988,0.76794434,28.0,316.46600341796875,951000.0,943340.0,947170.0,3830.0
266,994.188157144392,136.78166,1.8615723,20.0,316.46600341796875,1344000.0,1333320.0,1338660.0,5340.0
267,1218.9011500843887,129.85107,0.039878845,36.0,316.46600341796875,1344000.0,1333320.0,1338660.0,5340.0
268,788.1899594429412,129.85107,0.039878845,36.0,316.46600341796875,1344000.0,1333320.0,1338660.0,5340.0
269,1556.4259929854102,92.03967,0.2482605,24.0,316.46600341796875,1344000.0,1333320.0,1338660.0,5340.0
270,418.181404639837,92.03967,0.2482605,24.0,316.46600341796875,1344000.0,1333320.0,1338660.0,5340.0
271,410.4022687267151,92.03967,0.2482605,24.0,316.46600341796875,1344000.0,1333320.0,1338660.0,5340.0
272,980.0273137086784,141.85777,0.9283447,15.0,316.46600341796875,1344000.0,1333320.0,1338660.0,5340.0
273,778.5650854376703,141.85777,0.9283447,15.0,316.46600341796875,1344000.0,1333320.0,1338660.0,5340.0
274,835.2633015804523,110.46049,0.11343384,23.0,316.46600341796875,1344000.0,1333320.0,1338660.0,5340.0
275,329.4943203198,136.73982,0.28320312,11.0,316.46600341796875,713000.0,707226.0,710113.0,2887.0
276,284.3660894040027,136.73982,0.28320312,11.0,316.46600341796875,713000.0,707226.0,710113.0,2887.0
277,782.607549559041,136.73982,0.28320312,11.0,316.46600341796875,713000.0,707226.0,710113.0,2887.0
278,1174.1575102357594,97.82224,1.1352539,33.0,316.46600341796875,713000.0,707226.0,710113.0,2887.0
279,1053.361261085527,97.82224,1.1352539,33.0,316.46600341796875,713000.0,707226.0,710113.0,2887.0
280,933.6929594374228,97.82224,1.1352539,33.0,316.46600341796875,713000.0,707226.0,710113.0,2887.0
281,448.9180521330554,168.47322,0.94836426,42.0,316.46600341796875,1344000.0,1333098.0,1338549.0,5451.0
282,1094.7735427681705,168.47322,0.94836426,42.0,316.46600341796875,1344000.0,1333098.0,1338549.0,5451.0
283,2030.3289843789037,312.79025,1.4458008,20.0,316.46600341796875,1344000.0,1333098.0,1338549.0,5451.0
284,736.3799343480273,312.79025,1.4458008,20.0,316.46600341796875,1344000.0,1333098.0,1338549.0,5451.0
285,641.371914834306,81.994026,0.2333374,21.0,316.46600341796875,1344000.0,1333098.0,1338549.0,5451.0
286,369.774037488214,166.45694,0.8092041,20.0,316.46600341796875,1344000.0,1333098.0,1338549.0,5451.0
287,786.2406116926343,166.45694,0.8092041,20.0,316.46600341796875,1344000.0,1333098.0,1338549.0,5451.0
288,1442.8840868374837,177.42546,1.1508789,18.0,316.46600341796875,1344000.0,1333098.0,1338549.0,5451.0
289,1361.1739990349956,238.69102,0.4621582,23.0,316.46600341796875,1344000.0,1333098.0,1338549.0,5451.0
290,1093.372177675186,238.69102,0.4621582,23.0,316.46600341796875,1344000.0,1333098.0,1338549.0,5451.0
291,1298.1435447934591,143.85837,1.3432617,21.0,316.46600341796875,266000.0,263854.0,264927.0,1073.0
292,1132.9307784628431,143.85837,1.3432617,21.0,316.46600341796875,266000.0,263854.0,264927.0,1073.0
293,2275.790612825514,157.26756,1.1257324,33.0,316.46600341796875,266000.0,263854.0,264927.0,1073.0
294,809.6016204533561,157.26756,1.1257324,33.0,316.46600341796875,266000.0,263854.0,264927.0,1073.0
295,1219.7556333144228,197.63408,1.6669922,24.0,-316.46600341796875,266000.0,263854.0,264927.0,1073.0
296,383.09927581688765,121.79997,0.8220215,16.0,316.46600341796875,266000.0,263854.0,264927.0,1073.0
297,806.7047770928658,197.25415,0.2600708,19.0,316.46600341796875,1344000.0,1333116.0,1338558.0,5442.0
298,710.1112494052894,365.3041,0.8729248,29.0,316.46600341796875,1344000.0,1333116.0,1338558.0,5442.0
299,1059.2867805821702,70.85558,0.12695312,10.0,316.46600341796875,1344000.0,1333116.0,1338558.0,5442.0
300,790.7874173225116,70.85558,0.12695312,10.0,316.46600341796875,1344000.0,1333116.0,1338558.0,5442.0
301,698.8704316415664,99.54911,2.0297852,13.0,316.46600341796875,1344000.0,1333116.0,1338558.0,5442.0
302,718.78636905361,207.21706,1.1376953,26.0,316.46600341796875,1344000.0,1333116.0,1338558.0,5442.0
303,1365.2227996511224,89.98084,1.7558594,15.0,316.46600341796875,1344000.0,1333116.0,1338558.0,5442.0
304,1224.423721207344,89.98084,1.7558594,15.0,316.46600341796875,1344000.0,1333116.0,1338558.0,5442.0
305,926.056490412746,99.1067,0.75598145,24.0,316.46600341796875,1344000.0,1333116.0,1338558.0,5442.0
306,1381.1241461799336,220.97913,1.807373,30.0,316.46600341796875,1344000.0,1333116.0,1338558.0,5442.0
307,944.814985559942,82.245766,1.5109863,22.0,316.46600341796875,1344000.0,1333116.0,1338558.0,5442.0
308,519.4818657779585,136.35088,1.3525391,24.0,316.46600341796875,672000.0,666524.0,669262.0,2738.0
309,1509.545983399298,61.134438,0.7727051,35.0,316.46600341796875,672000.0,666524.0,669262.0,2738.0
310,497.2260755635274,196.14381,0.10939026,27.0,316.46600341796875,672000.0,666524.0,669262.0,2738.0
311,935.3364111531598,88.05694,1.470459,23.0,316.46600341796875,1093000.0,1084070.0,1088535.0,4465.0
312,1163.467716623173,144.29395,0.09655762,30.0,316.46600341796875,1093000.0,1084070.0,1088535.0,4465.0
313,1075.6559919152166,144.29395,0.09655762,30.0,316.46600341796875,1093000.0,1084070.0,1088535.0,4465.0
314,1238.3537291708735,111.93533,0.7437744,21.0,316.46600341796875,996000.0,988020.0,992010.0,3990.0
315,1122.4504392294507,69.56667,2.2294922,23.0,316.46600341796875,996000.0,988020.0,992010.0,3990.0
316,1499.9469560176992,82.64072,0.63012695,19.0,316.46600341796875,996000.0,988020.0,992010.0,3990.0
317,778.9966088621228,82.64072,0.63012695,19.0,316.46600341796875,996000.0,988020.0,992010.0,3990.0
318,316.29566424405186,206.89824,0.29742432,31.0,316.46600341796875,996000.0,988020.0,992010.0,3990.0
319,1014.7541416651408,105.75065,0.1921997,14.0,316.46600341796875,996000.0,988020.0,992010.0,3990.0
320,818.5723005022709,105.75065,0.1921997,14.0,316.46600341796875,996000.0,988020.0,992010.0,3990.0
321,490.2827809766608,151.09064,0.4017334,19.0,316.46600341796875,1344000.0,1333110.0,1338555.0,5445.0
322,619.3824754854619,151.09064,0.4017334,19.0,316.46600341796875,1344000.0,1333110.0,1338555.0,5445.0
323,1447.6660944173943,177.90489,0.8436279,29.0,316.46600341796875,756000.0,750060.0,753030.0,2970.0
324,972.9197337131868,177.90489,0.8436279,29.0,316.46600341796875,756000.0,750060.0,753030.0,2970.0
325,669.1704979274056,87.70032,1.1972656,29.0,316.46600341796875,756000.0,750060.0,753030.0,2970.0
326,633.4921434143488,87.70032,1.1972656,29.0,316.46600341796875,756000.0,750060.0,753030.0,2970.0
327,525.0880102364657,143.3058,0.54626465,25.0,316.46600341796875,756000.0,750060.0,753030.0,2970.0
328,989.3604944000456,109.95503,0.88427734,19.0,316.46600341796875,1176000.0,1166398.0,1171199.0,4801.0
329,579.8071261774554,84.90828,0.32373047,27.0,316.46600341796875,1176000.0,1166398.0,1171199.0,4801.0
330,605.4027691703708,74.43958,0.26367188,23.0,316.46600341796875,1336000.0,1325230.0,1330615.0,5385.0
331,1600.3722002702625,274.97388,1.3469238,16.0,316.46600341796875,1336000.0,1325230.0,1330615.0,5385.0
332,912.2801880801788,67.84229,1.4604492,19.0,316.46600341796875,1336000.0,1325230.0,1330615.0,5385.0
333,875.0955527258844,67.84229,1.4604492,19.0,316.46600341796875,1336000.0,1325230.0,1330615.0,5385.0
334,849.1918960267737,110.28063,0.94958496,23.0,316.46600341796875,1336000.0,1325230.0,1330615.0,5385.0
335,984.0294913578764,110.28063,0.94958496,23.0,316.46600341796875,1336000.0,1325230.0,1330615.0,5385.0
336,1334.7463063796545,183.81175,0.4310913,20.0,316.46600341796875,1344000.0,1333190.0,1338595.0,5405.0
337,608.3286189142151,102.676704,1.4951172,23.0,316.46600341796875,1344000.0,1333190.0,1338595.0,5405.0
338,762.977531501574,102.676704,1.4951172,23.0,316.46600341796875,1344000.0,1333190.0,1338595.0,5405.0
339,2226.3102002080946,118.2996,1.548584,17.0,316.46600341796875,1344000.0,1333190.0,1338595.0,5405.0
340,1584.778721662532,118.2996,1.548584,17.0,316.46600341796875,1344000.0,1333190.0,1338595.0,5405.0
341,828.9019322690907,102.37605,2.0629883,27.0,316.46600341796875,1344000.0,1333190.0,1338595.0,5405.0
342,2061.676171973698,139.34619,0.1645813,21.0,316.46600341796875,1344000.0,1333190.0,1338595.0,5405.0
343,480.8369572078414,139.34619,0.1645813,21.0,316.46600341796875,1344000.0,1333190.0,1338595.0,5405.0
344,401.93094096428206,129.19293,0.6542969,28.0,316.46600341796875,1344000.0,1333190.0,1338595.0,5405.0
345,397.4458078980807,129.19293,0.6542969,28.0,316.46600341796875,1344000.0,1333190.0,1338595.0,5405.0
346,1074.4397609690343,186.85567,1.0734863,31.0,316.46600341796875,1344000.0,1333190.0,1338595.0,5405.0
347,1420.0471691292453,186.85567,1.0734863,31.0,316.46600341796875,1344000.0,1333190.0,1338595.0,5405.0
348,982.8931269779496,186.85567,1.0734863,31.0,316.46600341796875,1344000.0,1333190.0,1338595.0,5405.0
349,402.2247996160403,78.89053,0.6636963,29.0,316.46600341796875,1344000.0,1333190.0,1338595.0,5405.0
350,443.4052485881318,78.89053,0.6636963,29.0,316.46600341796875,1344000.0,1333190.0,1338595.0,5405.0
351,1148.820385322009,82.708435,0.14889526,24.0,316.46600341796875,1362000.0,1351016.0,1356508.0,5492.0
352,872.0107933031086,82.708435,0.14889526,24.0,316.46600341796875,1362000.0,1351016.0,1356508.0,5492.0
353,337.3944786800818,111.00792,0.5612793,30.0,316.46600341796875,1362000.0,1351016.0,1356508.0,5492.0
354,484.8896616783705,111.00792,0.5612793,30.0,316.46600341796875,1362000.0,1351016.0,1356508.0,5492.0
355,1588.8067133763209,168.08531,0.18612671,20.0,316.46600341796875,1362000.0,1351016.0,1356508.0,5492.0
356,1436.9760520616608,168.08531,0.18612671,20.0,316.46600341796875,1362000.0,1351016.0,1356508.0,5492.0
357,1123.9769493749916,114.30175,0.22390747,25.0,316.46600341796875,1362000.0,1351016.0,1356508.0,5492.0
358,1414.962069209219,114.30175,0.22390747,25.0,316.46600341796875,1362000.0,1351016.0,1356508.0,5492.0
359,2169.754943032371,78.71893,1.7592773,19.0,316.46600341796875,1362000.0,1351016.0,1356508.0,5492.0
360,1553.0862707086767,99.02864,1.3693848,22.0,316.46600341796875,1362000.0,1351016.0,1356508.0,5492.0
361,611.6979996106995,55.8949,0.06918335,27.0,316.46600341796875,336000.0,333356.0,334678.0,1322.0
362,922.3273649391668,76.90575,1.3591309,20.0,316.46600341796875,336000.0,333356.0,334678.0,1322.0
363,481.0544342961194,75.8188,1.3754883,31.0,316.46600341796875,72000.0,71450.0,71725.0,275.0
364,659.4308192739288,72.28693,0.6308594,15.0,316.46600341796875,420000.0,416584.0,418292.0,1708.0
365,1927.7582605124524,204.27544,1.2429199,29.0,316.46600341796875,420000.0,416584.0,418292.0,1708.0
366,2022.4589399621384,204.27544,1.2429199,29.0,316.46600341796875,420000.0,416584.0,418292.0,1708.0
367,1488.768199618884,204.27544,1.2429199,29.0,316.46600341796875,420000.0,416584.0,418292.0,1708.0
368,1021.2669056815342,148.16441,2.059082,11.0,316.46600341796875,420000.0,416670.0,418335.0,1665.0
369,339.7979378217452,159.18092,0.1104126,24.0,316.46600341796875,420000.0,416670.0,418335.0,1665.0
370,1313.0022311481273,196.19957,0.8433838,17.0,316.46600341796875,420000.0,416670.0,418335.0,1665.0
371,1265.094680525304,196.19957,0.8433838,17.0,316.46600341796875,420000.0,416670.0,418335.0,1665.0
372,598.2358247947336,83.60341,0.5812988,27.0,316.46600341796875,716000.0,710196.0,713098.0,2902.0
373,1238.3137604464564,91.69469,0.6185303,13.0,316.46600341796875,716000.0,710196.0,713098.0,2902.0
374,1060.0814589898437,100.15793,0.64501953,18.0,316.46600341796875,716000.0,710196.0,713098.0,2902.0
375,1180.9102169853709,100.15793,0.64501953,18.0,316.46600341796875,716000.0,710196.0,713098.0,2902.0
376,772.0746212783924,64.35764,1.6479492,29.0,316.46600341796875,42000.0,41634.0,41817.0,183.0
377,710.2089125639501,64.35764,1.6479492,29.0,316.46600341796875,42000.0,41634.0,41817.0,183.0
378,776.6854506918702,64.35764,1.6479492,29.0,316.46600341796875,42000.0,41634.0,41817.0,183.0
379,722.1390681655695,64.35764,1.6479492,29.0,316.46600341796875,42000.0,41634.0,41817.0,183.0
380,680.0829885896728,64.35764,1.6479492,29.0,316.46600341796875,42000.0,41634.0,41817.0,183.0
381,1317.631647580222,171.55885,0.19311523,40.0,316.46600341796875,42000.0,41634.0,41817.0,183.0
382,1154.396586157423,171.55885,0.19311523,40.0,316.46600341796875,42000.0,41634.0,41817.0,183.0
383,355.3466310348353,107.56744,0.5661621,26.0,316.46600341796875,252000.0,250022.0,251011.0,989.0
384,1975.4474286462157,138.90845,0.7213135,22.0,316.46600341796875,804000.0,797554.0,800777.0,3223.0
385,1501.877452942981,138.90845,0.7213135,22.0,316.46600341796875,804000.0,797554.0,800777.0,3223.0
386,563.1120172360698,270.70755,0.835083,13.0,316.46600341796875,804000.0,797554.0,800777.0,3223.0
387,1592.7567556995584,270.70755,0.835083,13.0,316.46600341796875,804000.0,797554.0,800777.0,3223.0
388,679.9168758668278,270.70755,0.835083,13.0,316.46600341796875,804000.0,797554.0,800777.0,3223.0
389,467.378608293824,270.70755,0.835083,13.0,316.46600341796875,804000.0,797554.0,800777.0,3223.0
390,1240.041479554308,188.71176,0.6485596,23.0,316.46600341796875,804000.0,797554.0,800777.0,3223.0
391,1037.5396299621764,188.71176,0.6485596,23.0,316.46600341796875,804000.0,797554.0,800777.0,3223.0
392,1788.389640106731,62.692627,1.8776855,24.0,316.46600341796875,804000.0,797554.0,800777.0,3223.0
393,933.0030911751812,62.692627,1.8776855,24.0,316.46600341796875,804000.0,797554.0,800777.0,3223.0
394,1466.2337719817028,161.35435,2.1020508,18.0,316.46600341796875,804000.0,797554.0,800777.0,3223.0
395,935.4916233775956,125.59699,1.3552246,27.0,316.46600341796875,804000.0,797554.0,800777.0,3223.0
396,999.2965434139276,125.59699,1.3552246,27.0,316.46600341796875,804000.0,797554.0,800777.0,3223.0
397,564.86611926175,191.74701,1.828125,19.0,316.46600341796875,804000.0,797554.0,800777.0,3223.0
398,1490.2337178772823,217.13535,1.8935547,18.0,316.46600341796875,672000.0,666468.0,669234.0,2766.0
399,890.2962345047658,99.60886,0.23074341,19.0,316.46600341796875,672000.0,666468.0,669234.0,2766.0
400,1485.0834585403136,333.83405,0.8736572,35.0,316.46600341796875,672000.0,666468.0,669234.0,2766.0
401,970.3950861715688,59.95435,1.119873,26.0,316.46600341796875,1344000.0,1333048.0,1338524.0,5476.0
402,1235.921003267286,59.95435,1.119873,26.0,316.46600341796875,1344000.0,1333048.0,1338524.0,5476.0
403,347.177645622898,140.78552,0.61328125,20.0,316.46600341796875,1344000.0,1333048.0,1338524.0,5476.0
404,723.6273755774645,140.78552,0.61328125,20.0,316.46600341796875,1344000.0,1333048.0,1338524.0,5476.0
405,800.2261572245003,140.78552,0.61328125,20.0,316.46600341796875,1344000.0,1333048.0,1338524.0,5476.0
406,539.094798197367,253.98036,0.21411133,14.0,316.46600341796875,1344000.0,1333048.0,1338524.0,5476.0
407,657.4329021332696,253.98036,0.21411133,14.0,316.46600341796875,1344000.0,1333048.0,1338524.0,5476.0
408,1492.875216327555,186.265,0.1048584,23.0,316.46600341796875,1344000.0,1333048.0,1338524.0,5476.0
409,1207.4023676408362,181.21461,0.42944336,17.0,316.46600341796875,1344000.0,1333048.0,1338524.0,5476.0
410,467.9303400747776,80.99156,0.07810974,12.0,316.46600341796875,1344000.0,1333048.0,1338524.0,5476.0
411,390.9022348854572,80.99156,0.07810974,12.0,316.46600341796875,1344000.0,1333048.0,1338524.0,5476.0
412,1282.5207369769107,97.21516,0.08653259,18.0,316.46600341796875,1344000.0,1333048.0,1338524.0,5476.0
413,296.31512785902544,97.21516,0.08653259,18.0,316.46600341796875,1344000.0,1333048.0,1338524.0,5476.0
414,352.03864239706496,110.10288,0.5965576,30.0,316.46600341796875,1344000.0,1333048.0,1338524.0,5476.0
415,699.3602626441323,110.10288,0.5965576,30.0,316.46600341796875,1344000.0,1333048.0,1338524.0,5476.0
416,522.2949949877653,110.10288,0.5965576,30.0,316.46600341796875,1344000.0,1333048.0,1338524.0,5476.0
417,1372.718045987286,57.459198,1.4814453,17.0,316.46600341796875,1344000.0,1333048.0,1338524.0,5476.0
418,1364.4196718617045,57.459198,1.4814453,17.0,316.46600341796875,1344000.0,1333048.0,1338524.0,5476.0
419,1406.2901662034897,66.48149,0.46105957,13.0,316.46600341796875,1344000.0,1333048.0,1338524.0,5476.0
420,1035.6520259205972,66.48149,0.46105957,13.0,316.46600341796875,1344000.0,1333048.0,1338524.0,5476.0
421,1766.6504390879854,133.18173,0.42156982,18.0,316.46600341796875,895000.0,887770.0,891385.0,3615.0
422,501.6446995987429,133.18173,0.42156982,18.0,316.46600341796875,895000.0,887770.0,891385.0,3615.0
423,425.05028541376737,133.18173,0.42156982,18.0,316.46600341796875,895000.0,887770.0,891385.0,3615.0
424,512.3481383372691,133.18173,0.42156982,18.0,316.46600341796875,895000.0,887770.0,891385.0,3615.0
425,462.8236129545252,92.62809,1.4897461,17.0,316.46600341796875,895000.0,887770.0,891385.0,3615.0
426,603.7354324598423,92.62809,1.4897461,17.0,316.46600341796875,895000.0,887770.0,891385.0,3615.0
427,900.9714997598214,94.6888,2.2304688,14.0,316.46600341796875,1349000.0,1337850.0,1343425.0,5575.0
428,776.2018984525212,87.62604,0.7196045,13.0,316.46600341796875,1349000.0,1337850.0,1343425.0,5575.0
429,2336.7692481106565,101.27174,0.28723145,17.0,316.46600341796875,1349000.0,1337850.0,1343425.0,5575.0
430,385.1643554839508,215.37651,0.6940918,14.0,316.46600341796875,1349000.0,1337850.0,1343425.0,5575.0
431,461.3082037875251,215.37651,0.6940918,14.0,316.46600341796875,1349000.0,1337850.0,1343425.0,5575.0
432,1022.5532353205664,96.12182,0.24407959,13.0,316.46600341796875,1349000.0,1337850.0,1343425.0,5575.0
433,1075.4157462138155,96.12182,0.24407959,13.0,316.46600341796875,1349000.0,1337850.0,1343425.0,5575.0
434,1072.6345953754892,102.47529,1.8894043,20.0,316.46600341796875,1349000.0,1337850.0,1343425.0,5575.0
435,796.3165997465892,102.47529,1.8894043,20.0,316.46600341796875,1349000.0,1337850.0,1343425.0,5575.0
436,1213.0471199586814,139.94815,0.48687744,14.0,316.46600341796875,924000.0,916350.0,920175.0,3825.0
437,1342.2552766645765,139.94815,0.48687744,14.0,316.46600341796875,924000.0,916350.0,920175.0,3825.0
438,1386.5353819217069,208.75871,0.29815674,20.0,316.46600341796875,924000.0,916350.0,920175.0,3825.0
439,350.6414436656537,217.75746,0.7993164,35.0,316.46600341796875,924000.0,916350.0,920175.0,3825.0
440,1198.3038376277727,217.75746,0.7993164,35.0,316.46600341796875,924000.0,916350.0,920175.0,3825.0
441,331.8334997424293,217.75746,0.7993164,35.0,316.46600341796875,924000.0,916350.0,920175.0,3825.0
442,319.38558168270293,217.75746,0.7993164,35.0,316.46600341796875,924000.0,916350.0,920175.0,3825.0
443,1098.8495753808977,83.48543,1.3269043,24.0,316.46600341796875,924000.0,916350.0,920175.0,3825.0
444,995.0202699307262,83.48543,1.3269043,24.0,316.46600341796875,924000.0,916350.0,920175.0,3825.0
445,377.7720727782639,160.06186,0.4348755,17.0,316.46600341796875,924000.0,916350.0,920175.0,3825.0
446,891.3289604999638,90.87983,1.3269043,29.0,316.46600341796875,924000.0,916350.0,920175.0,3825.0
447,941.2841508866549,56.60138,0.15533447,21.0,316.46600341796875,216000.0,214292.0,215146.0,854.0
448,705.8945851323605,56.60138,0.15533447,21.0,316.46600341796875,216000.0,214292.0,215146.0,854.0
449,1280.977499965948,187.35489,0.4805298,20.0,316.46600341796875,423000.0,419412.0,421206.0,1794.0
450,862.5289858002998,187.35489,0.4805298,20.0,316.46600341796875,423000.0,419412.0,421206.0,1794.0
451,793.844383941243,93.055534,2.0405273,21.0,316.46600341796875,423000.0,419412.0,421206.0,1794.0
452,772.6661811272119,93.055534,2.0405273,21.0,316.46600341796875,423000.0,419412.0,421206.0,1794.0
453,526.445143345189,61.684605,0.63549805,32.0,316.46600341796875,297000.0,294566.0,295783.0,1217.0
454,1163.8470310751404,61.684605,0.63549805,32.0,316.46600341796875,297000.0,294566.0,295783.0,1217.0
455,459.1301014633411,61.684605,0.63549805,32.0,316.46600341796875,297000.0,294566.0,295783.0,1217.0
456,421.109318343496,232.46205,0.054367065,19.0,316.46600341796875,336000.0,333234.0,334617.0,1383.0
457,1489.3633883894595,208.85997,0.5267334,33.0,316.46600341796875,336000.0,333234.0,334617.0,1383.0
458,691.4817937735241,208.85997,0.5267334,33.0,316.46600341796875,336000.0,333234.0,334617.0,1383.0
459,833.5244087696284,149.5515,0.10913086,21.0,316.46600341796875,1344000.0,1332932.0,1338466.0,5534.0
460,933.5246224127258,152.5336,0.54052734,19.0,316.46600341796875,1344000.0,1332932.0,1338466.0,5534.0
461,1017.235308737414,157.5263,1.5898438,25.0,316.46600341796875,1344000.0,1332932.0,1338466.0,5534.0
462,812.8742155675872,157.5263,1.5898438,25.0,316.46600341796875,1344000.0,1332932.0,1338466.0,5534.0
463,447.5471541704301,102.70946,0.31170654,19.0,316.46600341796875,1344000.0,1332932.0,1338466.0,5534.0
464,765.7024883004619,146.22238,1.375,30.0,316.46600341796875,1344000.0,1332932.0,1338466.0,5534.0
465,709.3217236860711,146.22238,1.375,30.0,316.46600341796875,1344000.0,1332932.0,1338466.0,5534.0
466,1781.759235580941,226.04944,0.744751,25.0,316.46600341796875,1073000.0,1064248.0,1068624.0,4376.0
467,879.4113414599707,226.04944,0.744751,25.0,316.46600341796875,1073000.0,1064248.0,1068624.0,4376.0
468,406.3590674734561,95.50333,0.6954346,10.0,316.46600341796875,1073000.0,1064248.0,1068624.0,4376.0
469,369.82532018191193,95.50333,0.6954346,10.0,316.46600341796875,1073000.0,1064248.0,1068624.0,4376.0
470,658.8871171195578,95.566574,1.1992188,19.0,316.46600341796875,1073000.0,1064248.0,1068624.0,4376.0
471,1264.6225758558653,84.75827,1.595459,32.0,316.46600341796875,1073000.0,1064248.0,1068624.0,4376.0
472,1132.0884577100348,84.75827,1.595459,32.0,316.46600341796875,1073000.0,1064248.0,1068624.0,4376.0
473,1060.8132099909428,84.75827,1.595459,32.0,316.46600341796875,1073000.0,1064248.0,1068624.0,4376.0
474,830.4431575012644,181.82457,0.23214722,29.0,316.46600341796875,1073000.0,1064248.0,1068624.0,4376.0
475,1544.0747831575825,181.82457,0.23214722,29.0,316.46600341796875,1073000.0,1064248.0,1068624.0,4376.0
476,1740.562680123685,246.38626,0.34924316,24.0,316.46600341796875,1073000.0,1064248.0,1068624.0,4376.0
477,1282.6805234876492,246.38626,0.34924316,24.0,316.46600341796875,1073000.0,1064248.0,1068624.0,4376.0
478,1379.4151448871128,97.49317,0.46185303,29.0,316.46600341796875,672000.0,666650.0,669325.0,2675.0
479,582.8159010517671,97.49317,0.46185303,29.0,316.46600341796875,672000.0,666650.0,669325.0,2675.0
480,1817.466275504008,167.0031,0.60717773,18.0,316.46600341796875,672000.0,666650.0,669325.0,2675.0
481,539.005121256404,265.53067,0.87646484,25.0,316.46600341796875,672000.0,666650.0,669325.0,2675.0
482,852.9661438699079,120.89165,0.1786499,12.0,316.46600341796875,672000.0,666650.0,669325.0,2675.0
483,1438.528169194904,79.867874,2.2802734,42.0,316.46600341796875,672000.0,666650.0,669325.0,2675.0
484,892.9150032266258,79.867874,2.2802734,42.0,316.46600341796875,672000.0,666650.0,669325.0,2675.0
485,423.0389929675024,137.268,0.31488037,30.0,316.46600341796875,672000.0,666650.0,669325.0,2675.0
486,377.0406505057664,137.268,0.31488037,30.0,316.46600341796875,672000.0,666650.0,669325.0,2675.0
487,475.7097379499763,137.268,0.31488037,30.0,316.46600341796875,672000.0,666650.0,669325.0,2675.0
488,2061.1156202441166,204.17923,1.6682129,15.0,316.46600341796875,1008000.0,999760.0,1003880.0,4120.0
489,1375.1105681483275,204.17923,1.6682129,15.0,316.46600341796875,1008000.0,999760.0,1003880.0,4120.0
490,1312.489645496532,204.17923,1.6682129,15.0,316.46600341796875,1008000.0,999760.0,1003880.0,4120.0
491,1225.855046989083,198.40448,0.06491089,39.0,316.46600341796875,1008000.0,999760.0,1003880.0,4120.0
492,473.0342933347391,242.0327,0.58862305,26.0,316.46600341796875,1008000.0,999760.0,1003880.0,4120.0
493,469.22695703743176,242.0327,0.58862305,26.0,316.46600341796875,1008000.0,999760.0,1003880.0,4120.0
494,459.6645553743727,242.0327,0.58862305,26.0,316.46600341796875,1008000.0,999760.0,1003880.0,4120.0
495,787.2384113449035,171.7379,0.49353027,21.0,316.46600341796875,1008000.0,999760.0,1003880.0,4120.0
496,1179.0486190752076,113.93978,0.8833008,26.0,316.46600341796875,1008000.0,999760.0,1003880.0,4120.0
497,1758.429459037288,186.15337,1.7692871,29.0,316.46600341796875,1344000.0,1333114.0,1338557.0,5443.0
498,1409.0973372478486,186.15337,1.7692871,29.0,316.46600341796875,1344000.0,1333114.0,1338557.0,5443.0
499,1392.1598795635985,186.15337,1.7692871,29.0,316.46600341796875,1344000.0,1333114.0,1338557.0,5443.0
500,2457.3736834756883,102.19756,1.6018066,23.0,316.46600341796875,1344000.0,1333114.0,1338557.0,5443.0
501,517.8926566669395,102.19756,1.6018066,23.0,316.46600341796875,1344000.0,1333114.0,1338557.0,5443.0
502,1660.0449487331705,240.55298,1.001709,10.0,316.46600341796875,1344000.0,1333114.0,1338557.0,5443.0
503,1416.809546430684,240.55298,1.001709,10.0,316.46600341796875,1344000.0,1333114.0,1338557.0,5443.0
504,452.83265687715857,150.04227,0.61938477,23.0,316.46600341796875,1344000.0,1333114.0,1338557.0,5443.0
505,1090.8938946277651,95.51078,0.07220459,31.0,316.46600341796875,1344000.0,1333114.0,1338557.0,5443.0
506,415.1675642727996,84.310646,0.4352417,20.0,316.46600341796875,1344000.0,1333114.0,1338557.0,5443.0
507,464.0443153596056,84.310646,0.4352417,20.0,316.46600341796875,1344000.0,1333114.0,1338557.0,5443.0
508,1214.8388741747992,145.04929,1.0505371,30.0,316.46600341796875,1364000.0,1352918.0,1358459.0,5541.0
509,950.00820588281,145.04929,1.0505371,30.0,316.46600341796875,1364000.0,1352918.0,1358459.0,5541.0
510,1369.861218567637,145.9102,1.057373,18.0,316.46600341796875,1364000.0,1352918.0,1358459.0,5541.0
511,1108.0612566873394,145.9102,1.057373,18.0,316.46600341796875,1364000.0,1352918.0,1358459.0,5541.0
512,602.8551254720402,104.2766,1.3718262,36.0,316.46600341796875,1364000.0,1352918.0,1358459.0,5541.0
513,580.8499838733819,136.47917,0.21676636,23.0,316.46600341796875,168000.0,166630.0,167315.0,685.0
514,696.7475966723899,136.47917,0.21676636,23.0,316.46600341796875,168000.0,166630.0,167315.0,685.0
515,1663.5211495838005,326.66016,0.6879883,31.0,316.46600341796875,168000.0,166630.0,167315.0,685.0
516,1499.8486640419492,326.66016,0.6879883,31.0,316.46600341796875,168000.0,166630.0,167315.0,685.0
517,819.6131197689183,110.23451,0.2962036,22.0,316.46600341796875,756000.0,750036.0,753018.0,2982.0
518,481.99086102562296,110.23451,0.2962036,22.0,316.46600341796875,756000.0,750036.0,753018.0,2982.0
519,665.3021102839281,110.23451,0.2962036,22.0,316.46600341796875,756000.0,750036.0,753018.0,2982.0
520,364.9199645470301,186.40184,0.6960449,29.0,316.46600341796875,757000.0,750740.0,753870.0,3130.0
521,581.5982650063528,186.40184,0.6960449,29.0,316.46600341796875,757000.0,750740.0,753870.0,3130.0
522,1423.7929721303817,84.41248,0.8847656,29.0,316.46600341796875,757000.0,750740.0,753870.0,3130.0
523,1848.6619962793677,93.82248,1.1599121,25.0,316.46600341796875,757000.0,750740.0,753870.0,3130.0
524,1791.451604615169,93.82248,1.1599121,25.0,316.46600341796875,757000.0,750740.0,753870.0,3130.0
525,1351.359852592451,93.82248,1.1599121,25.0,316.46600341796875,757000.0,750740.0,753870.0,3130.0
526,920.1407479625066,254.09137,1.4050293,24.0,316.46600341796875,672000.0,666498.0,669249.0,2751.0
527,1020.2405056109932,254.09137,1.4050293,24.0,316.46600341796875,672000.0,666498.0,669249.0,2751.0
528,985.0018732855816,94.34925,0.70007324,26.0,316.46600341796875,1008000.0,1000114.0,1004057.0,3943.0
529,937.3433861083388,94.34925,0.70007324,26.0,316.46600341796875,1008000.0,1000114.0,1004057.0,3943.0
530,1188.1704757362602,140.08836,1.4509277,18.0,316.46600341796875,1008000.0,1000114.0,1004057.0,3943.0
531,1025.700854241573,140.08836,1.4509277,18.0,316.46600341796875,1008000.0,1000114.0,1004057.0,3943.0
532,240.4855738502648,100.30775,0.3670044,30.0,316.46600341796875,1008000.0,1000114.0,1004057.0,3943.0
533,1439.9740413339532,102.80023,1.1069336,20.0,316.46600341796875,1008000.0,1000114.0,1004057.0,3943.0
534,1254.1556099235388,213.43166,0.5632324,14.0,316.46600341796875,1008000.0,1000114.0,1004057.0,3943.0
535,1037.312784300092,213.43166,0.5632324,14.0,316.46600341796875,1008000.0,1000114.0,1004057.0,3943.0
536,1334.2765510836011,96.55926,0.3241577,19.0,316.46600341796875,1008000.0,1000114.0,1004057.0,3943.0
537,580.9185198364527,69.23203,1.0546875,14.0,316.46600341796875,1008000.0,1000114.0,1004057.0,3943.0
538,1361.267465257921,96.53965,1.6052246,16.0,316.46600341796875,1008000.0,1000114.0,1004057.0,3943.0
539,1336.2001220199627,96.53965,1.6052246,16.0,316.46600341796875,1008000.0,1000114.0,1004057.0,3943.0
540,858.1091452559364,96.53965,1.6052246,16.0,316.46600341796875,1008000.0,1000114.0,1004057.0,3943.0
541,1162.1498121790037,141.8253,1.7236328,23.0,316.46600341796875,1008000.0,1000114.0,1004057.0,3943.0
542,1130.3480198603445,141.8253,1.7236328,23.0,316.46600341796875,1008000.0,1000114.0,1004057.0,3943.0
543,1388.246555783296,141.8253,1.7236328,23.0,316.46600341796875,1008000.0,1000114.0,1004057.0,3943.0
544,2783.444075398489,118.53793,1.1081543,35.0,316.46600341796875,133000.0,131932.0,132466.0,534.0
545,515.9466439256229,118.53793,1.1081543,35.0,316.46600341796875,133000.0,131932.0,132466.0,534.0
546,1401.653428672776,240.09534,0.49206543,24.0,316.46600341796875,924000.0,916560.0,920280.0,3720.0
547,1183.1585451275962,240.09534,0.49206543,24.0,316.46600341796875,924000.0,916560.0,920280.0,3720.0
548,1251.2349438811189,170.16435,1.1054688,28.0,316.46600341796875,924000.0,916560.0,920280.0,3720.0
549,857.2165464335969,170.16435,1.1054688,28.0,316.46600341796875,924000.0,916560.0,920280.0,3720.0
550,592.8727670647284,196.09517,0.5809326,17.0,316.46600341796875,924000.0,916560.0,920280.0,3720.0
551,510.25776550199504,252.98335,0.5175781,22.0,316.46600341796875,924000.0,916560.0,920280.0,3720.0
552,549.6615966896424,159.50827,1.2434082,29.0,316.46600341796875,924000.0,916560.0,920280.0,3720.0
553,500.7706384823387,159.50827,1.2434082,29.0,316.46600341796875,924000.0,916560.0,920280.0,3720.0
554,1222.1595981343091,103.96793,0.38085938,25.0,316.46600341796875,924000.0,916560.0,920280.0,3720.0
555,1105.759885764085,103.96793,0.38085938,25.0,316.46600341796875,924000.0,916560.0,920280.0,3720.0
556,603.7237881328182,92.64049,0.55895996,19.0,316.46600341796875,336000.0,333306.0,334653.0,1347.0
557,1231.768748462342,144.56015,0.05983734,18.0,316.46600341796875,1348000.0,1337066.0,1342533.0,5467.0
558,1057.723468125313,144.56015,0.05983734,18.0,316.46600341796875,1348000.0,1337066.0,1342533.0,5467.0
559,666.854321449693,71.82635,1.3930664,29.0,316.46600341796875,1348000.0,1337066.0,1342533.0,5467.0
560,1026.0630984447455,67.5352,1.9123535,37.0,316.46600341796875,1348000.0,1337066.0,1342533.0,5467.0
561,1522.8569327257455,206.5809,1.8886719,30.0,316.46600341796875,1348000.0,1337066.0,1342533.0,5467.0
562,1055.4469018666782,206.5809,1.8886719,30.0,316.46600341796875,1348000.0,1337066.0,1342533.0,5467.0
563,1246.739421136061,60.283993,1.8757324,26.0,316.46600341796875,1348000.0,1337066.0,1342533.0,5467.0
564,1703.7946686751336,175.42163,1.3227539,18.0,316.46600341796875,1348000.0,1337066.0,1342533.0,5467.0
565,608.4604272522683,92.12754,0.3251953,15.0,316.46600341796875,1147000.0,1137712.0,1142356.0,4644.0
566,412.3795509348205,174.08344,0.66882324,29.0,316.46600341796875,1147000.0,1137712.0,1142356.0,4644.0
567,417.1018136028856,174.08344,0.66882324,29.0,316.46600341796875,1147000.0,1137712.0,1142356.0,4644.0
568,527.7545923234593,174.08344,0.66882324,29.0,316.46600341796875,1147000.0,1137712.0,1142356.0,4644.0
569,1097.9388745616036,149.56664,1.1206055,18.0,316.46600341796875,1147000.0,1137712.0,1142356.0,4644.0
570,1126.7344065081218,113.34606,0.61206055,29.0,316.46600341796875,1147000.0,1137712.0,1142356.0,4644.0
571,576.5284420629432,113.34606,0.61206055,29.0,316.46600341796875,1147000.0,1137712.0,1142356.0,4644.0
572,966.5883412655912,93.750946,0.4656372,22.0,316.46600341796875,1147000.0,1137712.0,1142356.0,4644.0
573,816.1587389936833,93.750946,0.4656372,22.0,316.46600341796875,1147000.0,1137712.0,1142356.0,4644.0
574,1382.1665456830328,83.16375,1.0026855,24.0,316.46600341796875,1008000.0,999766.0,1003883.0,4117.0
575,558.0436858783395,83.16375,1.0026855,24.0,316.46600341796875,1008000.0,999766.0,1003883.0,4117.0
576,416.7759445988388,135.59473,0.8294678,30.0,316.46600341796875,1008000.0,999766.0,1003883.0,4117.0
577,854.9750990805987,67.07073,0.5596924,23.0,316.46600341796875,1008000.0,999766.0,1003883.0,4117.0
578,1864.990055284315,67.07073,0.5596924,23.0,316.46600341796875,1008000.0,999766.0,1003883.0,4117.0
579,951.9506855326885,67.07073,0.5596924,23.0,316.46600341796875,1008000.0,999766.0,1003883.0,4117.0
580,574.4969682747384,100.97065,0.29736328,13.0,316.46600341796875,588000.0,583350.0,585675.0,2325.0
581,1051.4607286072144,141.9632,1.864502,18.0,316.46600341796875,588000.0,583350.0,585675.0,2325.0
582,474.3130572996577,78.25917,0.30548096,16.0,316.46600341796875,588000.0,583350.0,585675.0,2325.0
583,1552.2871243600837,139.9652,0.8300781,15.0,316.46600341796875,588000.0,583350.0,585675.0,2325.0
584,1177.7642428122454,139.9652,0.8300781,15.0,316.46600341796875,588000.0,583350.0,585675.0,2325.0
585,1170.095166364487,139.9652,0.8300781,15.0,316.46600341796875,588000.0,583350.0,585675.0,2325.0
586,1002.5971449901956,90.93514,0.59069824,19.0,316.46600341796875,588000.0,583350.0,585675.0,2325.0
587,919.5216538190168,84.12506,0.60424805,28.0,316.46600341796875,773000.0,766812.0,769906.0,3094.0
588,273.3376329717523,84.12506,0.60424805,28.0,316.46600341796875,773000.0,766812.0,769906.0,3094.0
589,1459.3828218043525,123.85105,0.2805786,16.0,316.46600341796875,773000.0,766812.0,769906.0,3094.0
590,1062.4355398930477,123.85105,0.2805786,16.0,316.46600341796875,773000.0,766812.0,769906.0,3094.0
591,979.571741538353,102.67979,0.868042,29.0,316.46600341796875,756000.0,749922.0,752961.0,3039.0
592,1023.3765166937704,102.67979,0.868042,29.0,316.46600341796875,756000.0,749922.0,752961.0,3039.0
593,1147.5914391543663,197.30017,0.88708496,12.0,316.46600341796875,756000.0,749922.0,752961.0,3039.0
594,935.9386564442084,197.30017,0.88708496,12.0,316.46600341796875,756000.0,749922.0,752961.0,3039.0
595,1593.2660275902604,165.23094,0.7055664,14.0,316.46600341796875,756000.0,749922.0,752961.0,3039.0
596,1806.2283092308724,165.23094,0.7055664,14.0,316.46600341796875,756000.0,749922.0,752961.0,3039.0
597,401.9727147464514,121.69059,0.5036621,29.0,316.46600341796875,756000.0,749922.0,752961.0,3039.0
598,1121.5389026687112,87.880714,0.8820801,38.0,316.46600341796875,756000.0,749922.0,752961.0,3039.0
599,747.2177372513993,87.880714,0.8820801,38.0,316.46600341796875,756000.0,749922.0,752961.0,3039.0
600,1136.233778466018,74.45844,0.30529785,27.0,316.46600341796875,756000.0,749922.0,752961.0,3039.0
601,963.2687893912124,74.45844,0.30529785,27.0,316.46600341796875,756000.0,749922.0,752961.0,3039.0
602,984.2150568935248,81.97852,1.328125,29.0,316.46600341796875,756000.0,749922.0,752961.0,3039.0
603,1235.9559213695911,158.54755,0.2845459,25.0,316.46600341796875,420000.0,416648.0,418324.0,1676.0
604,1029.461155912223,158.54755,0.2845459,25.0,316.46600341796875,420000.0,416648.0,418324.0,1676.0
605,1313.0714139016268,203.46973,1.8994141,25.0,316.46600341796875,420000.0,416648.0,418324.0,1676.0
606,1018.45986981329,91.853455,1.6960449,28.0,316.46600341796875,420000.0,416648.0,418324.0,1676.0
607,866.3878668677228,91.853455,1.6960449,28.0,316.46600341796875,420000.0,416648.0,418324.0,1676.0
608,592.0078393917569,172.71335,1.2426758,10.0,316.46600341796875,85000.0,84240.0,84620.0,380.0
609,602.1367116991178,172.71335,1.2426758,10.0,316.46600341796875,85000.0,84240.0,84620.0,380.0
610,1048.5265595685785,81.91919,1.767334,17.0,316.46600341796875,85000.0,84240.0,84620.0,380.0
611,691.007827247855,65.70461,0.39569092,15.0,316.46600341796875,944000.0,936170.0,940085.0,3915.0
612,372.2847345465392,166.90782,0.8483887,33.0,316.46600341796875,938000.0,930316.0,934158.0,3842.0
613,404.155882020392,166.90782,0.8483887,33.0,316.46600341796875,938000.0,930316.0,934158.0,3842.0
614,328.05745044472104,70.27211,0.55810547,25.0,316.46600341796875,938000.0,930316.0,934158.0,3842.0
615,1091.516325397881,140.41187,1.0800781,24.0,316.46600341796875,938000.0,930316.0,934158.0,3842.0
616,971.4375950242476,140.41187,1.0800781,24.0,316.46600341796875,938000.0,930316.0,934158.0,3842.0
617,1281.942005906542,149.6499,0.6489258,29.0,316.46600341796875,756000.0,749864.0,752932.0,3068.0
618,1274.036163103447,149.6499,0.6489258,29.0,316.46600341796875,756000.0,749864.0,752932.0,3068.0
619,1098.644259601367,149.6499,0.6489258,29.0,316.46600341796875,756000.0,749864.0,752932.0,3068.0
620,1477.2734969660503,209.12065,1.5402832,25.0,316.46600341796875,756000.0,749864.0,752932.0,3068.0
621,1172.1496407580917,209.12065,1.5402832,25.0,316.46600341796875,756000.0,749864.0,752932.0,3068.0
622,1100.3232310855276,209.12065,1.5402832,25.0,316.46600341796875,756000.0,749864.0,752932.0,3068.0
623,545.5461556195467,141.55244,0.58862305,20.0,316.46600341796875,756000.0,749864.0,752932.0,3068.0
624,1078.091025923325,141.55244,0.58862305,20.0,316.46600341796875,756000.0,749864.0,752932.0,3068.0
625,457.4817566382682,141.55244,0.58862305,20.0,316.46600341796875,756000.0,749864.0,752932.0,3068.0
626,549.5102154432939,141.55244,0.58862305,20.0,316.46600341796875,756000.0,749864.0,752932.0,3068.0
627,1189.7722073918264,104.20449,0.828125,21.0,316.46600341796875,1008000.0,1000070.0,1004035.0,3965.0
628,835.6062908952235,98.10103,0.49536133,13.0,316.46600341796875,1008000.0,1000070.0,1004035.0,3965.0
629,879.642663643618,121.16303,0.7675781,25.0,316.46600341796875,1008000.0,1000070.0,1004035.0,3965.0
630,982.5182205589256,121.16303,0.7675781,25.0,316.46600341796875,1008000.0,1000070.0,1004035.0,3965.0
631,666.2420460244805,140.81915,1.4008789,30.0,316.46600341796875,1008000.0,1000070.0,1004035.0,3965.0
632,557.2664800941576,140.81915,1.4008789,30.0,316.46600341796875,1008000.0,1000070.0,1004035.0,3965.0
633,569.2240445891262,140.81915,1.4008789,30.0,316.46600341796875,1008000.0,1000070.0,1004035.0,3965.0
634,549.163768155012,150.975,0.22625732,32.0,316.46600341796875,588000.0,583316.0,585658.0,2342.0
635,1248.976721722707,176.96773,1.1166992,27.0,316.46600341796875,588000.0,583316.0,585658.0,2342.0
636,936.3207987892034,58.919228,1.3034668,15.0,316.46600341796875,1008000.0,999942.0,1003971.0,4029.0
637,476.541534658649,209.75713,0.98132324,18.0,316.46600341796875,1008000.0,999942.0,1003971.0,4029.0
638,688.4130725787614,282.93384,0.81555176,27.0,316.46600341796875,1008000.0,999942.0,1003971.0,4029.0
639,353.31857142846565,165.45499,0.6407471,13.0,316.46600341796875,1008000.0,999942.0,1003971.0,4029.0
640,1143.8266291017903,165.45499,0.6407471,13.0,316.46600341796875,1008000.0,999942.0,1003971.0,4029.0
641,866.8519861446426,182.84454,0.3071289,20.0,316.46600341796875,1366000.0,1355088.0,1360544.0,5456.0
642,1162.8786810757908,92.62192,1.666748,36.0,316.46600341796875,1366000.0,1355088.0,1360544.0,5456.0
643,872.3105200883374,92.62192,1.666748,36.0,316.46600341796875,1366000.0,1355088.0,1360544.0,5456.0
644,543.6765196857705,187.0576,1.2456055,18.0,316.46600341796875,1366000.0,1355088.0,1360544.0,5456.0
645,1370.860030106144,247.75731,0.57666016,23.0,316.46600341796875,743000.0,736986.0,739993.0,3007.0
646,1005.78924076738,57.66014,0.49725342,14.0,316.46600341796875,743000.0,736986.0,739993.0,3007.0
647,827.9602658087722,57.66014,0.49725342,14.0,316.46600341796875,743000.0,736986.0,739993.0,3007.0
648,1104.2495047132982,166.02397,0.29766846,17.0,316.46600341796875,756000.0,749820.0,752910.0,3090.0
649,1017.7809780032763,166.02397,0.29766846,17.0,316.46600341796875,756000.0,749820.0,752910.0,3090.0
650,1083.008871307577,132.22556,0.3538208,17.0,316.46600341796875,756000.0,749820.0,752910.0,3090.0
651,911.2011256962144,132.22556,0.3538208,17.0,316.46600341796875,756000.0,749820.0,752910.0,3090.0
652,628.2575023361761,90.706055,1.3601074,16.0,316.46600341796875,756000.0,749820.0,752910.0,3090.0
653,280.2700580869569,66.86355,0.19396973,32.0,316.46600341796875,756000.0,749820.0,752910.0,3090.0
654,948.3926720849976,131.0648,1.425293,22.0,316.46600341796875,50000.0,49612.0,49806.0,194.0
655,1072.539075747399,131.0648,1.425293,22.0,316.46600341796875,50000.0,49612.0,49806.0,194.0
656,338.0832313319073,142.59631,1.0219727,13.0,316.46600341796875,252000.0,249968.0,250984.0,1016.0
657,458.3755510242156,142.59631,1.0219727,13.0,316.46600341796875,252000.0,249968.0,250984.0,1016.0
658,1284.7716242919832,131.19798,1.3093262,23.0,316.46600341796875,922000.0,914762.0,918381.0,3619.0
659,1707.5147040359625,131.19798,1.3093262,23.0,316.46600341796875,922000.0,914762.0,918381.0,3619.0
660,537.3611909482947,124.15573,0.4399414,15.0,316.46600341796875,922000.0,914762.0,918381.0,3619.0
661,360.742839027336,87.9741,0.13955688,28.0,316.46600341796875,922000.0,914762.0,918381.0,3619.0
662,595.6340073309598,202.27518,1.3486328,24.0,316.46600341796875,504000.0,499928.0,501964.0,2036.0
663,769.9611793746516,112.86859,1.3144531,19.0,316.46600341796875,504000.0,499928.0,501964.0,2036.0
664,1071.661094483641,112.86859,1.3144531,19.0,316.46600341796875,504000.0,499928.0,501964.0,2036.0
665,856.6944035029888,112.86859,1.3144531,19.0,316.46600341796875,504000.0,499928.0,501964.0,2036.0
666,1117.558612208657,232.58951,0.7348633,16.0,316.46600341796875,504000.0,499928.0,501964.0,2036.0
667,1057.1695595337187,232.58951,0.7348633,16.0,316.46600341796875,504000.0,499928.0,501964.0,2036.0
668,1141.5108315816158,232.58951,0.7348633,16.0,316.46600341796875,504000.0,499928.0,501964.0,2036.0
669,1726.5665061098257,312.86606,0.059677124,28.0,316.46600341796875,504000.0,499928.0,501964.0,2036.0
670,599.1719492701138,60.197166,1.1530762,20.0,316.46600341796875,840000.0,833208.0,836604.0,3396.0
671,648.9692705244519,60.197166,1.1530762,20.0,316.46600341796875,840000.0,833208.0,836604.0,3396.0
672,944.1348675444292,69.693855,0.09397888,16.0,316.46600341796875,840000.0,833208.0,836604.0,3396.0
673,1428.7945160323509,97.42206,0.7044678,24.0,316.46600341796875,840000.0,833208.0,836604.0,3396.0
674,1120.6451439485352,97.42206,0.7044678,24.0,316.46600341796875,840000.0,833208.0,836604.0,3396.0
675,3195.574396537954,277.4657,0.07232666,19.0,316.46600341796875,840000.0,833208.0,836604.0,3396.0
676,511.922763197236,277.4657,0.07232666,19.0,316.46600341796875,840000.0,833208.0,836604.0,3396.0
677,561.1981048043591,98.86358,0.47906494,15.0,316.46600341796875,840000.0,833208.0,836604.0,3396.0
678,434.476026063815,98.86358,0.47906494,15.0,316.46600341796875,840000.0,833208.0,836604.0,3396.0
679,1017.742591084458,99.15233,0.26263428,19.0,316.46600341796875,1393000.0,1381564.0,1387282.0,5718.0
680,848.0951510192302,99.15233,0.26263428,19.0,316.46600341796875,1393000.0,1381564.0,1387282.0,5718.0
681,1628.403986282195,109.6228,0.64208984,19.0,316.46600341796875,1393000.0,1381564.0,1387282.0,5718.0
682,404.2145611876841,132.96172,0.79089355,16.0,316.46600341796875,1167000.0,1157804.0,1162402.0,4598.0
683,1072.7621780658926,61.401302,1.3120117,26.0,316.46600341796875,1167000.0,1157804.0,1162402.0,4598.0
684,894.9457943223215,61.401302,1.3120117,26.0,316.46600341796875,1167000.0,1157804.0,1162402.0,4598.0
685,2526.5095475146027,145.69272,1.4609375,29.0,316.46600341796875,1167000.0,1157804.0,1162402.0,4598.0
686,1744.8794148750303,145.69272,1.4609375,29.0,316.46600341796875,1167000.0,1157804.0,1162402.0,4598.0
687,1399.6962570508342,145.69272,1.4609375,29.0,316.46600341796875,1167000.0,1157804.0,1162402.0,4598.0
688,709.5671421723947,143.10335,1.2143555,39.0,316.46600341796875,1167000.0,1157804.0,1162402.0,4598.0
689,1444.843916931438,103.33735,0.5131836,14.0,316.46600341796875,489000.0,485134.0,487067.0,1933.0
690,637.9489366331484,81.90113,0.3814087,39.0,316.46600341796875,489000.0,485134.0,487067.0,1933.0
691,714.1345060803327,81.90113,0.3814087,39.0,316.46600341796875,489000.0,485134.0,487067.0,1933.0
692,1225.4714429455237,124.03346,1.5144043,23.0,316.46600341796875,489000.0,485134.0,487067.0,1933.0
693,1493.5031465638392,124.03346,1.5144043,23.0,316.46600341796875,489000.0,485134.0,487067.0,1933.0
694,420.4747873336603,59.989983,1.0825195,22.0,316.46600341796875,489000.0,485134.0,487067.0,1933.0
695,1195.578999652299,283.7865,0.3739624,17.0,316.46600341796875,489000.0,485134.0,487067.0,1933.0
696,1147.839962119244,283.7865,0.3739624,17.0,316.46600341796875,489000.0,485134.0,487067.0,1933.0
697,992.2464545061438,80.6825,0.3300171,9.0,316.46600341796875,781000.0,774752.0,777876.0,3124.0
698,1002.3929787129642,80.6825,0.3300171,9.0,316.46600341796875,781000.0,774752.0,777876.0,3124.0
699,995.5869720105076,95.14709,1.65625,20.0,316.46600341796875,781000.0,774752.0,777876.0,3124.0
700,907.0278248700206,95.14709,1.65625,20.0,316.46600341796875,781000.0,774752.0,777876.0,3124.0
701,674.5029580996045,396.00137,0.42211914,25.0,316.46600341796875,781000.0,774752.0,777876.0,3124.0
702,1139.755383051832,107.55675,0.46704102,33.0,316.46600341796875,781000.0,774752.0,777876.0,3124.0
703,1614.3804305463782,198.60352,1.6486816,21.0,316.46600341796875,781000.0,774752.0,777876.0,3124.0
704,1244.7622259363034,198.60352,1.6486816,21.0,316.46600341796875,781000.0,774752.0,777876.0,3124.0
705,739.0065932525866,98.72312,0.3909912,21.0,316.46600341796875,1012000.0,1003670.0,1007835.0,4165.0
706,587.9196805515601,98.72312,0.3909912,21.0,316.46600341796875,1012000.0,1003670.0,1007835.0,4165.0
707,700.3062383013763,98.72312,0.3909912,21.0,316.46600341796875,1012000.0,1003670.0,1007835.0,4165.0
708,1441.5209984630396,105.54159,0.73669434,17.0,316.46600341796875,1012000.0,1003670.0,1007835.0,4165.0
709,874.5842391536719,105.54159,0.73669434,17.0,316.46600341796875,1012000.0,1003670.0,1007835.0,4165.0
710,580.6144277692787,82.56324,0.37908936,17.0,316.46600341796875,1012000.0,1003670.0,1007835.0,4165.0
711,799.0264159786835,82.56324,0.37908936,17.0,316.46600341796875,1012000.0,1003670.0,1007835.0,4165.0
712,1622.8963258374306,141.38318,2.0175781,19.0,316.46600341796875,756000.0,749964.0,752982.0,3018.0
713,835.9223373032794,191.13321,0.06311035,23.0,316.46600341796875,684000.0,678546.0,681273.0,2727.0
714,622.3241172655623,106.74101,1.9165039,16.0,316.46600341796875,684000.0,678546.0,681273.0,2727.0
715,769.0906167309223,106.74101,1.9165039,16.0,316.46600341796875,684000.0,678546.0,681273.0,2727.0
716,1374.6674952707087,103.730934,0.044944763,22.0,316.46600341796875,760000.0,753916.0,756958.0,3042.0
717,1057.72016297214,103.730934,0.044944763,22.0,316.46600341796875,760000.0,753916.0,756958.0,3042.0
718,1199.4223167869588,101.27209,1.2421875,20.0,316.46600341796875,760000.0,753916.0,756958.0,3042.0
719,1533.6696909817897,101.27209,1.2421875,20.0,316.46600341796875,760000.0,753916.0,756958.0,3042.0
720,527.4981685948983,132.60455,0.86376953,12.0,316.46600341796875,760000.0,753916.0,756958.0,3042.0
721,1156.4494338312224,180.08241,0.5444336,25.0,316.46600341796875,760000.0,753916.0,756958.0,3042.0
722,932.7851563494312,180.08241,0.5444336,25.0,316.46600341796875,760000.0,753916.0,756958.0,3042.0
723,1012.171310768465,180.08241,0.5444336,25.0,316.46600341796875,760000.0,753916.0,756958.0,3042.0
724,1280.8484344663711,127.74883,1.1276855,18.0,316.46600341796875,168000.0,166672.0,167336.0,664.0
725,1068.2906957836406,127.74883,1.1276855,18.0,316.46600341796875,168000.0,166672.0,167336.0,664.0
726,1096.3760991169272,120.56166,0.73535156,21.0,316.46600341796875,840000.0,833214.0,836607.0,3393.0
727,993.002704677257,143.97581,0.74890137,26.0,316.46600341796875,840000.0,833214.0,836607.0,3393.0
728,820.6458115904898,143.97581,0.74890137,26.0,316.46600341796875,840000.0,833214.0,836607.0,3393.0
729,1185.4889523247405,135.36882,0.39575195,20.0,316.46600341796875,840000.0,833214.0,836607.0,3393.0
730,847.2435818462315,135.36882,0.39575195,20.0,316.46600341796875,840000.0,833214.0,836607.0,3393.0
731,1446.6118621825142,182.81879,0.5473633,18.0,316.46600341796875,840000.0,833214.0,836607.0,3393.0
732,361.9063385276778,182.81879,0.5473633,18.0,316.46600341796875,840000.0,833214.0,836607.0,3393.0
733,357.5156995897946,182.81879,0.5473633,18.0,316.46600341796875,840000.0,833214.0,836607.0,3393.0
734,1030.7012419962657,132.89293,0.9926758,10.0,316.46600341796875,840000.0,833214.0,836607.0,3393.0
735,673.0226824202979,304.64447,0.7961426,26.0,-316.46600341796875,840000.0,833214.0,836607.0,3393.0
736,412.8779638850759,98.127525,0.014240265,20.0,316.46600341796875,840000.0,833214.0,836607.0,3393.0
737,364.8072273049371,94.317665,0.4829712,20.0,316.46600341796875,291000.0,288806.0,289903.0,1097.0
738,345.6461854348375,94.317665,0.4829712,20.0,316.46600341796875,291000.0,288806.0,289903.0,1097.0
739,364.6725113658748,94.317665,0.4829712,20.0,316.46600341796875,291000.0,288806.0,289903.0,1097.0
740,330.57061333807314,186.8085,0.2441101,20.0,316.46600341796875,291000.0,288806.0,289903.0,1097.0
741,1164.0999141965267,225.1489,1.2382812,26.0,316.46600341796875,687000.0,681450.0,684225.0,2775.0
742,681.9829638861248,61.438953,2.0742188,21.0,316.46600341796875,687000.0,681450.0,684225.0,2775.0
743,510.7827590218274,87.254,0.2944336,19.0,316.46600341796875,687000.0,681450.0,684225.0,2775.0
744,471.19284782067024,87.254,0.2944336,19.0,316.46600341796875,687000.0,681450.0,684225.0,2775.0
745,1944.1880068191824,162.7895,1.126709,29.0,316.46600341796875,687000.0,681450.0,684225.0,2775.0
746,913.725459315318,114.12318,1.7458496,30.0,316.46600341796875,687000.0,681450.0,684225.0,2775.0
747,824.2305829836125,114.12318,1.7458496,30.0,316.46600341796875,687000.0,681450.0,684225.0,2775.0
748,361.3822704466573,87.4095,0.3513794,19.0,316.46600341796875,1344000.0,1332982.0,1338491.0,5509.0
749,839.9599711440069,118.95633,0.9490967,13.0,316.46600341796875,1344000.0,1332982.0,1338491.0,5509.0
750,1333.0427737558705,84.99866,0.54748535,36.0,316.46600341796875,1344000.0,1332982.0,1338491.0,5509.0
751,1044.127488550065,84.99866,0.54748535,36.0,316.46600341796875,1344000.0,1332982.0,1338491.0,5509.0
752,1381.1273717185168,274.8183,0.47564697,18.0,316.46600341796875,1344000.0,1333262.0,1338631.0,5369.0
753,1032.9083421186613,274.8183,0.47564697,18.0,316.46600341796875,1344000.0,1333262.0,1338631.0,5369.0
754,533.4833123698575,116.03867,0.6331787,38.0,316.46600341796875,1344000.0,1333262.0,1338631.0,5369.0
755,495.2634530005688,116.03867,0.6331787,38.0,316.46600341796875,1344000.0,1333262.0,1338631.0,5369.0
756,476.8058528935055,116.03867,0.6331787,38.0,316.46600341796875,1344000.0,1333262.0,1338631.0,5369.0
757,552.1194462572337,116.03867,0.6331787,38.0,316.46600341796875,1344000.0,1333262.0,1338631.0,5369.0
758,1070.9251125115477,221.02951,0.9107666,34.0,316.46600341796875,1344000.0,1333262.0,1338631.0,5369.0
759,1016.6720529456264,221.02951,0.9107666,34.0,316.46600341796875,1344000.0,1333262.0,1338631.0,5369.0
760,989.939092120239,221.02951,0.9107666,34.0,316.46600341796875,1344000.0,1333262.0,1338631.0,5369.0
761,901.5782532677458,221.02951,0.9107666,34.0,316.46600341796875,1344000.0,1333262.0,1338631.0,5369.0
762,1466.523763114069,74.584114,0.6451416,15.0,316.46600341796875,1344000.0,1333262.0,1338631.0,5369.0
763,641.1800897134368,74.584114,0.6451416,15.0,316.46600341796875,1344000.0,1333262.0,1338631.0,5369.0
764,1131.7866339594966,155.83052,0.17086792,18.0,316.46600341796875,1344000.0,1333262.0,1338631.0,5369.0
765,423.3244136269793,155.83052,0.17086792,18.0,316.46600341796875,1344000.0,1333262.0,1338631.0,5369.0
766,915.4556519129208,183.95749,0.73132324,29.0,316.46600341796875,1344000.0,1333262.0,1338631.0,5369.0
767,1090.0684834317924,125.05778,0.3892212,25.0,316.46600341796875,1086000.0,1077086.0,1081543.0,4457.0
768,811.3372764632358,125.05778,0.3892212,25.0,316.46600341796875,1086000.0,1077086.0,1081543.0,4457.0
769,771.4775240326795,125.05778,0.3892212,25.0,316.46600341796875,1086000.0,1077086.0,1081543.0,4457.0
770,718.2101098919692,125.05778,0.3892212,25.0,316.46600341796875,1086000.0,1077086.0,1081543.0,4457.0
771,1035.1611723064298,211.2905,0.5772705,16.0,316.46600341796875,1086000.0,1077086.0,1081543.0,4457.0
772,384.06768511353386,171.88754,0.9625244,15.0,316.46600341796875,1086000.0,1077086.0,1081543.0,4457.0
773,520.3396617279336,171.88754,0.9625244,15.0,316.46600341796875,1086000.0,1077086.0,1081543.0,4457.0
774,728.9307539081107,85.99547,1.2529297,26.0,316.46600341796875,1086000.0,1077086.0,1081543.0,4457.0
775,727.7870603255707,85.99547,1.2529297,26.0,316.46600341796875,1086000.0,1077086.0,1081543.0,4457.0
776,696.949941042528,85.99547,1.2529297,26.0,316.46600341796875,1086000.0,1077086.0,1081543.0,4457.0
777,674.271226223761,85.99547,1.2529297,26.0,316.46600341796875,1086000.0,1077086.0,1081543.0,4457.0
778,986.3269175183846,109.82907,2.3671875,25.0,316.46600341796875,1086000.0,1077086.0,1081543.0,4457.0
779,998.646667036275,109.82907,2.3671875,25.0,316.46600341796875,1086000.0,1077086.0,1081543.0,4457.0
780,1191.2519827391022,61.67401,1.7922363,38.0,316.46600341796875,1086000.0,1077086.0,1081543.0,4457.0
781,1353.1781368103716,61.67401,1.7922363,38.0,316.46600341796875,1086000.0,1077086.0,1081543.0,4457.0
782,1226.6945665347914,61.67401,1.7922363,38.0,316.46600341796875,1086000.0,1077086.0,1081543.0,4457.0
783,1174.5666805780495,61.67401,1.7922363,38.0,316.46600341796875,1086000.0,1077086.0,1081543.0,4457.0
784,1036.477505204115,137.37834,1.6184082,16.0,316.46600341796875,1086000.0,1077086.0,1081543.0,4457.0
785,876.8874989585503,137.37834,1.6184082,16.0,316.46600341796875,1086000.0,1077086.0,1081543.0,4457.0
786,2376.8377973589454,273.10248,1.3991699,30.0,316.46600341796875,924000.0,916384.0,920192.0,3808.0
787,934.7750673526843,273.10248,1.3991699,30.0,316.46600341796875,924000.0,916384.0,920192.0,3808.0
788,781.5939015358365,273.10248,1.3991699,30.0,316.46600341796875,924000.0,916384.0,920192.0,3808.0
789,633.0582026322223,288.5715,0.5378418,29.0,316.46600341796875,724000.0,718256.0,721128.0,2872.0
790,620.970376645386,288.5715,0.5378418,29.0,316.46600341796875,724000.0,718256.0,721128.0,2872.0
791,858.8883499012308,57.628002,0.17303467,29.0,316.46600341796875,724000.0,718256.0,721128.0,2872.0
792,809.8398383205612,57.628002,0.17303467,29.0,316.46600341796875,724000.0,718256.0,721128.0,2872.0
793,677.1491568371539,92.83551,0.84594727,23.0,316.46600341796875,1260000.0,1249602.0,1254801.0,5199.0
794,423.7954302679152,147.70619,0.9851074,27.0,-316.46600341796875,1260000.0,1249602.0,1254801.0,5199.0
795,1068.164528679186,186.78894,0.6022949,39.0,316.46600341796875,1260000.0,1249602.0,1254801.0,5199.0
796,2437.8415341471937,140.6119,0.82177734,23.0,316.46600341796875,1260000.0,1249602.0,1254801.0,5199.0
797,970.4349317700222,140.6119,0.82177734,23.0,316.46600341796875,1260000.0,1249602.0,1254801.0,5199.0
798,1207.8187475588977,58.467285,1.6750488,27.0,316.46600341796875,1260000.0,1249602.0,1254801.0,5199.0
799,351.81116258287466,170.9326,0.42474365,20.0,316.46600341796875,1260000.0,1249602.0,1254801.0,5199.0
800,641.9054667033731,170.9326,0.42474365,20.0,316.46600341796875,1260000.0,1249602.0,1254801.0,5199.0
801,374.3732129167334,73.94656,0.76342773,32.0,316.46600341796875,741000.0,735160.0,738080.0,2920.0
802,1145.0760450961038,154.12263,1.1574707,16.0,316.46600341796875,1375000.0,1363804.0,1369402.0,5598.0
803,1057.9452811545789,76.24099,0.48657227,24.0,316.46600341796875,1375000.0,1363804.0,1369402.0,5598.0
804,1622.1640438098527,76.24099,0.48657227,24.0,316.46600341796875,1375000.0,1363804.0,1369402.0,5598.0
805,1193.255880597533,64.87185,1.6113281,19.0,316.46600341796875,1375000.0,1363804.0,1369402.0,5598.0
806,1179.944322802655,64.87185,1.6113281,19.0,316.46600341796875,1375000.0,1363804.0,1369402.0,5598.0
807,290.50608675612784,207.16708,0.16296387,20.0,316.46600341796875,1375000.0,1363804.0,1369402.0,5598.0
808,954.9259707245134,221.42285,0.8742676,24.0,316.46600341796875,1375000.0,1363804.0,1369402.0,5598.0
809,638.2392435111819,151.10004,0.560791,19.0,316.46600341796875,1375000.0,1363804.0,1369402.0,5598.0
810,1020.6081355574784,69.905396,0.7331543,16.0,316.46600341796875,1375000.0,1363804.0,1369402.0,5598.0
811,760.0553528311953,69.905396,0.7331543,16.0,316.46600341796875,1375000.0,1363804.0,1369402.0,5598.0
812,495.51449591107536,69.905396,0.7331543,16.0,316.46600341796875,1375000.0,1363804.0,1369402.0,5598.0
813,1108.4784477584064,246.44164,0.37683105,28.0,316.46600341796875,853000.0,846034.0,849517.0,3483.0
814,1209.3670171397682,174.2278,0.6536865,23.0,316.46600341796875,853000.0,846034.0,849517.0,3483.0
815,1154.6362580896896,136.03491,0.3831787,33.0,316.46600341796875,853000.0,846034.0,849517.0,3483.0
816,582.6629068850252,136.03491,0.3831787,33.0,316.46600341796875,853000.0,846034.0,849517.0,3483.0
